url,기업명,공고명,스크랩 수,경력,학력,근무형태,급여,근무지역,필수사항,우대사항,접수 시작일,접수 마감일
https://www.saramin.co.kr/zf_user/jobs/view?view_type=search&rec_idx=45421695&location=ts&searchword=CRC&searchType=search&paid_fl=n&search_uuid=fecd83a2-d974-4d76-bd00-c25684a03e2d,서울대학교병원,"서울대병원 소아혈액종양 연구코디네이터(CRC, 신입/경력) 모집",26,신입·경력(년수무관),대졸(4년제) 이상,계약직,월급 280 만원 (주 40시간) 근무,서울 종로구,X,"기타:임상연구 경력자, 암환자 간호 경력자",2023.04.04 20:00,2023.05.04 23:59
https://www.saramin.co.kr/zf_user/jobs/view?view_type=search&rec_idx=45380448&location=ts&searchword=CRC&searchType=search&paid_fl=n&search_uuid=fecd83a2-d974-4d76-bd00-c25684a03e2d,서울대학교병원,서울대학교병원 순환기내과 부정맥팀에서 CRC 1명 모집,31,무관(신입포함),학력무관,계약직 무기계약직,월급 270 만원 (주 40시간) 근무,서울 종로구,X,자격증:간호사,2023.03.30 10:00,채용시 마감
https://www.saramin.co.kr/zf_user/jobs/view?view_type=search&rec_idx=45429529&location=ts&searchword=CRC&searchType=search&paid_fl=n&search_uuid=fecd83a2-d974-4d76-bd00-c25684a03e2d,서울대학교병원,"서울대병원 소아혈액종양 연구코디네이터(CRC, 경력직) 모집",4,경력(년수무관),대졸(4년제) 이상,계약직,월급 350 만원 (주 40시간) 근무,서울 종로구,X,"기타:임상연구 경력자, 암환자 간호 경력자",2023.04.05 16:00,2023.05.05 23:59
https://www.saramin.co.kr/zf_user/jobs/view?view_type=search&rec_idx=45417438&location=ts&searchword=CRC&searchType=search&paid_fl=n&search_uuid=fecd83a2-d974-4d76-bd00-c25684a03e2d,국립암센터,암검진사업부 CRC(연구간호사) 계약직 채용합니다,5,무관(신입포함),대졸(4년제) 이상,계약직 8개월,면접 후 결정,경기 고양시 일산동구,X,X,2023.04.04 14:00,2023.05.04 23:59
https://www.saramin.co.kr/zf_user/jobs/view?view_type=search&rec_idx=45293672&location=ts&searchword=CRC&searchType=search&paid_fl=n&search_uuid=fecd83a2-d974-4d76-bd00-c25684a03e2d,(주)보이노시스,연구간호사(CRC) 모집(경력무관),46,무관(신입포함),학력무관,계약직 7개월 - 기간제,면접 후 결정,서울 성북구,X,"전공:생명과학, 간호학, 임상병리학|자격증:간호사, 임상병리사, 임상연구코디네이터(QCRC)",2023.03.17 00:00,2023.04.16 18:00
https://www.saramin.co.kr/zf_user/jobs/view?view_type=search&rec_idx=45379619&location=ts&searchword=CRC&searchType=search&paid_fl=n&search_uuid=fecd83a2-d974-4d76-bd00-c25684a03e2d,울산공업학원울산대학교병원,[계약직] 혈액내과 CRC 경력무관 채용,22,무관(신입포함),"대졸(2,3년제) 이상 간호사면허증(필수)",계약직 1년 - 무기계약직,면접 후 결정,울산 동구,전공:공간호학|자격증:간호사,X,2023.03.30 10:00,2023.04.29 23:59
https://www.saramin.co.kr/zf_user/jobs/view?view_type=search&rec_idx=45007721&location=ts&searchword=CRC&searchType=search&paid_fl=n&search_uuid=fecd83a2-d974-4d76-bd00-c25684a03e2d,강남베드로병원,[강남베드로병원] 임상시험센터 CRC(연구간호사) 채용,17,경력(년수무관),"대졸(2,3년제) 이상",정규직 수습기간 3개월,"연봉 3,000 만원 (주 40시간) 근무",서울 강남구,X,근무조건:인근거주자|활동/경험:해당직무 근무경험|자격/능력:문서작성 우수자,2023.02.07 18:00,채용시 마감
https://www.saramin.co.kr/zf_user/jobs/view?view_type=search&rec_idx=45292633&location=ts&searchword=CRC&searchType=search&paid_fl=n&search_uuid=fecd83a2-d974-4d76-bd00-c25684a03e2d,세종충남대학교병원,혈액종양내과 임상연구코디네이터(CRC) 모집,29,무관(신입포함),"대졸(2,3년제) 이상",계약직 1년,면접 후 결정,세종특별자치시,X,"전공:간호학, 임상병리학",2023.03.17 16:00,2023.05.16 23:59
https://www.saramin.co.kr/zf_user/jobs/view?view_type=search&rec_idx=45433753&location=ts&searchword=CRC&searchType=search&paid_fl=n&search_uuid=fecd83a2-d974-4d76-bd00-c25684a03e2d,서울대학교병원,서울대학교병원 응급의학과 연구원 응급구조사or간호사모집,12,신입·경력 1년 ↑,"대졸(2,3년제) 이상","계약직, 프리랜서 근무","연봉 3,000 만원 (주 40시간) 근무",서울 종로구,"전공:공간호학, 응급구조학과|자격증:1급 응급구조사, 간호사",X,2023.04.06 10:00,2023.04.28 15:00
https://www.saramin.co.kr/zf_user/jobs/view?view_type=search&rec_idx=45369104&location=ts&searchword=CRC&searchType=search&paid_fl=n&search_uuid=fecd83a2-d974-4d76-bd00-c25684a03e2d,(학)계명대학교동산의료원,"환자 교육 영상 제작 코디네이터[상담, 연구, 외래 간호사 우대]",21,무관(신입포함),대졸(4년제) 이상,"계약직 8개월, 정규직 전환 가능",면접 후 결정,대구 달서구 (재택근무 가능),X,X,2023.03.28 14:00,2023.04.27 23:59
https://www.saramin.co.kr/zf_user/jobs/view?view_type=search&rec_idx=45391046&location=ts&searchword=CRC&searchType=search&paid_fl=n&search_uuid=fecd83a2-d974-4d76-bd00-c25684a03e2d,(학)연세대학교연세의료원,세브란스병원 연구간호사 및 임상병리사 (무기)계약직모집합니다,109,무관(신입포함),"대졸(2,3년제) 이상",계약직 무기계약직,면접 후 결정,서울 서대문구,X,활동/경험:해당직무 근무경험,2023.03.31 13:00,2023.04.21 23:59
https://www.saramin.co.kr/zf_user/jobs/view?view_type=search&rec_idx=45360391&location=ts&searchword=CRC&searchType=search&paid_fl=n&search_uuid=fecd83a2-d974-4d76-bd00-c25684a03e2d,(주)바야다홈헬스케어,연구간호사 고대안암병원,17,경력 3년 ↑,대졸(4년제) 이상,계약직,면접 후 결정,서울 성북구,자격증:간호사|외국어능력:력영어가능자|기타:임상연구코디네이터 교육 이수자,X,2023.03.28 09:00,2023.04.27 23:59
https://www.saramin.co.kr/zf_user/jobs/view?view_type=search&rec_idx=45355054&location=ts&searchword=CRC&searchType=search&paid_fl=n&search_uuid=fecd83a2-d974-4d76-bd00-c25684a03e2d,연세대학교원주세브란스기독병원,원주세브란스기독병원 연구중심병원 행정사무원(간호사면허소지,4,경력 1년 ↑,대졸(4년제) 이상,계약직 8개월,면접 후 결정,강원 원주시,전공:공간호학,"자격/능력:컴퓨터활용능력 우수, 문서작성 우수자|활동/경험:해당직무 근무경험",2023.03.28 08:00,2023.04.14 17:00
https://www.saramin.co.kr/zf_user/jobs/view?view_type=search&rec_idx=45348697&location=ts&searchword=CRC&searchType=search&paid_fl=n&search_uuid=fecd83a2-d974-4d76-bd00-c25684a03e2d,아이다이나믹스,[iDynamics] 가톨릭대 인천성모병원 안과 연구간호사,27,무관(신입포함),대졸(4년제) 이상(예정자 가능),계약직 3개월,면접 후 결정,"서울 서초구, 경기 부천시",X,X,2023.03.27 08:00,2023.04.26 23:59
https://www.saramin.co.kr/zf_user/jobs/view?view_type=search&rec_idx=45436780&location=ts&searchword=CRC&searchType=search&paid_fl=n&search_uuid=fecd83a2-d974-4d76-bd00-c25684a03e2d,전남대학교병원,화순전남대학교병원 순환기내과 연구간호사,스크랩,신입·경력(년수무관),"대졸(2,3년제) 이상 간호학과 우선",계약직,면접 후 결정,전남 화순군,X,전공:간호학,2023.04.06 14:00,채용시 마감
https://www.saramin.co.kr/zf_user/jobs/view?view_type=search&rec_idx=45420093&location=ts&searchword=CRC&searchType=search&paid_fl=n&search_uuid=fecd83a2-d974-4d76-bd00-c25684a03e2d,(주)티에스바이오,[경력] 이대목동병원 유방외과 연구간호사 모집,3,경력 2년 ↑,대졸(4년제) 이상 학사인 경우 경력 2년 필수,"정규직, 계약직",면접 후 결정,서울 양천구,X,"전공:식품/유전/바이오, 생명과학, 간호학",2023.04.04 17:00,2023.05.04 23:59
https://www.saramin.co.kr/zf_user/jobs/view?view_type=search&rec_idx=45307242&location=ts&searchword=CRC&searchType=search&paid_fl=n&search_uuid=fecd83a2-d974-4d76-bd00-c25684a03e2d,전남대학교병원 의생명연구원,사업단 연구과제 수행 경력직연구간호사 채용(계약직)),6,무관(신입포함),"대졸(2,3년제) 이상",계약직,면접 후 결정,광주 동구,X,X,2023.03.20 16:00,2023.04.19 23:59
https://www.saramin.co.kr/zf_user/jobs/view?view_type=search&rec_idx=45394129&location=ts&searchword=CRC&searchType=search&paid_fl=n&search_uuid=fecd83a2-d974-4d76-bd00-c25684a03e2d,(주)프리클리나,[(주)프리클리나] 대구에서 G-STAR로 비상하자 [연구간호사팀],8,경력(년수무관),대졸(4년제) 이상 간호사 면허 소지,"정규직, 계약직 근무형",면접 후 결정,대구 북구,전공:공간호학|근무조건:운전가능자,"활동/경험:해당직무 근무경험|기타:연구간호사(CRC) 경력자 우선 선발, 임상경력 1년 이상",2023.03.31 13:00,2023.04.14 18:00
https://www.saramin.co.kr/zf_user/jobs/view?view_type=search&rec_idx=45378570&location=ts&searchword=CRC&searchType=search&paid_fl=n&search_uuid=fecd83a2-d974-4d76-bd00-c25684a03e2d,(주)유한양행,㈜유한양행 사원모집,553,,대졸(4년제) 이상 R&D본부는 석사이상,정규직,면접 후 결정,"서울 동작구, 서울전체, 경기전체, 경기 용인시 기흥구",X,X,2023.03.30 00:00,2023.04.13 10:00
https://www.saramin.co.kr/zf_user/jobs/view?view_type=search&rec_idx=45382866&location=ts&searchword=CRC&searchType=search&paid_fl=n&search_uuid=fecd83a2-d974-4d76-bd00-c25684a03e2d,(주)경보제약,각 부서 신입/경력 수시 채용,250,신입·경력,대졸(4년제) 이상 생산 : 학력무관,정규직,면접 후 결정,"충남 아산시, 서울전체, 서울 서대문구,",X,X,2023.03.30 00:00,2023.04.09 23:55
https://www.saramin.co.kr/zf_user/jobs/view?view_type=search&rec_idx=42232115&location=ts&searchword=CRC&searchType=search&paid_fl=n&search_uuid=fecd83a2-d974-4d76-bd00-c25684a03e2d,휴온스그룹,휴온스 그룹 수시채용,"8,290",신입·경력,학력무관 각 부문별 상이(상세요강 확인요망),"정규직, 계약직",면접 후 결정,"경기 성남시 수정구, 경기전체, 성남시 중원구, 안산시 상록구, 서울전체, 인천전체, 부산 해운대구, 전남전체, 전북전체, 충북",X,X,2022.02.04 00:00,채용시 마감
https://www.saramin.co.kr/zf_user/jobs/view?view_type=search&rec_idx=45409384&location=ts&searchword=CRC&searchType=search&paid_fl=n&search_uuid=fecd83a2-d974-4d76-bd00-c25684a03e2d,(주)신세계푸드,각 부문별 신입/경력사원 모집,231,신입·경력,학력무관,정규직,면접 후 결정,"서울 성동구, 경기 오산시, 이천시, 충북",X,보유역량:보훈대상자,2023.04.03 00:00,2023.04.16 23:59
https://www.saramin.co.kr/zf_user/jobs/view?view_type=search&rec_idx=45389676&location=ts&searchword=CRC&searchType=search&paid_fl=n&search_uuid=fecd83a2-d974-4d76-bd00-c25684a03e2d,한미약품(주),2023년 상반기 한미약품그룹 인재모집(각 부문별),765,신입·경력,"대졸(2,3년제) 이상(예정자 가능) 부문별 상이함","정규직, 계약직",면접 후 결정,"서울 송파구, 경기 평택시,",X,X,2023.04.03 00:00,2023.04.16 23:59
https://www.saramin.co.kr/zf_user/jobs/view?view_type=search&rec_idx=45364585&location=ts&searchword=CRC&searchType=search&paid_fl=n&search_uuid=fecd83a2-d974-4d76-bd00-c25684a03e2d,(주) 에이프로젠바이오로직스,[에이프로젠바이오로직스] 품질관리팀(QC) 신입 채용,413,신입·경력 3년 ↓,대졸(4년제) 이상,정규직 수습기간 3개월,면접 후 결정,"경기 화성시, 경기전체, 수원시, 안양시, 용인시, 서울전체, 서울 강남구, 강북구, 강서구, 송파구",X,X,2023.03.28 13:00,2023.04.09 23:59
https://www.saramin.co.kr/zf_user/jobs/view?view_type=search&rec_idx=45370244&location=ts&searchword=CRC&searchType=search&paid_fl=n&search_uuid=fecd83a2-d974-4d76-bd00-c25684a03e2d,(주) 에이프로젠바이오로직스,[에이프로젠바이오로직스] 품질보증팀(QA) 신입 채용,231,신입·경력 3년 ↓,대졸(4년제) 이상,정규직 수습기간 3개월,면접 후 결정,"경기 성남시 중원구, 경기전체, 수원시, 용인시, 화성시, 전국",X,X,2023.03.29 09:00,2023.04.09 23:59
https://www.saramin.co.kr/zf_user/jobs/view?view_type=search&rec_idx=45339652&location=ts&searchword=CRC&searchType=search&paid_fl=n&search_uuid=fecd83a2-d974-4d76-bd00-c25684a03e2d,(주)티움바이오,티움바이오/프로티움사이언스 채용공고,218,신입·경력,학력무관 (상세모집요강참조),"정규직, 계약직 근무",면접 후 결정,"경기 성남시 분당구, 성남시, 성남시 수정구, 성남시",X,X,2023.03.27 09:00,2023.04.09 23:59
https://www.saramin.co.kr/zf_user/jobs/view?view_type=search&rec_idx=45436804&location=ts&searchword=CRC&searchType=search&paid_fl=n&search_uuid=fecd83a2-d974-4d76-bd00-c25684a03e2d,(주)한국팜비오,2023년 상반기 신입/경력사원 채용,46,신입·경력,고교졸업 이상(예정자 가능) (각 부문 상이함),정규직,면접 후 결정,"서울 서초구, 서울전체, 광주전체, 광주 서구, 대전전체, 대전 유성구, 충북전체, 충북 청주시 상당구, 청주시 흥덕구,",X,"전공:상경계열, 의/약학, 화학 외 4건",2023.04.06 00:00,2023.04.13 23:59
https://www.saramin.co.kr/zf_user/jobs/view?view_type=search&rec_idx=45379473&location=ts&searchword=CRC&searchType=search&paid_fl=n&search_uuid=fecd83a2-d974-4d76-bd00-c25684a03e2d,바이탈에어코리아(주),바이탈에어코리아㈜ 2023년도 상반기 신입 및 경력직 모집 안내,28,신입·경력,"대졸(2,3년제) 이상 각 분야 상이.","정규직, 계약직 근무",면접 후 결정,"서울 송파구, 서울전체, 인천전체, 대전전체,",X,X,2023.03.31 00:00,2023.04.14 23:59
https://www.saramin.co.kr/zf_user/jobs/view?view_type=search&rec_idx=45405346&location=ts&searchword=CRC&searchType=search&paid_fl=n&search_uuid=fecd83a2-d974-4d76-bd00-c25684a03e2d,네오뉴트라(주),[네오뉴트라(주)] CRA 정규직 채용(간호/의학/생명),81,무관(신입포함),대졸(4년제) 이상,정규직 수습기간 3개월,면접 후 결정,서울 종로구,X,"전공:의/약학, 간호학|활동/경험:해당직무 인턴경력, 해당직무 근무경험|자격/능력:컴퓨터활용능력 우수, 문서작성 우수자",2023.04.03 13:00,2023.04.30 23:59
https://www.saramin.co.kr/zf_user/jobs/view?view_type=search&rec_idx=45183889&location=ts&searchword=CRC&searchType=search&paid_fl=n&search_uuid=fecd83a2-d974-4d76-bd00-c25684a03e2d,전남대학교병원,2023년 직원(방사선취급감독자) 상시 공개채용 공고,7,신입·경력,학력무관,정규직,면접 후 결정,광주,X,X,2023.01.11 17:00,2023.12.31 17:00
https://www.saramin.co.kr/zf_user/jobs/view?view_type=search&rec_idx=45375563&location=ts&searchword=CRC&searchType=search&paid_fl=n&search_uuid=fecd83a2-d974-4d76-bd00-c25684a03e2d,(주)한국얀센,[한국얀센] 2023 상반기 글로벌 임상 경력사원 공채,40,경력(년수무관),대졸(4년제) 이상,정규직 수습기간 3개월,면접 후 결정,서울 용산구 (재택근무 가능),X,X,2023.03.29 16:00,2023.04.11 23:59
https://www.saramin.co.kr/zf_user/jobs/view?view_type=search&rec_idx=45384535&location=ts&searchword=CRC&searchType=search&paid_fl=n&search_uuid=fecd83a2-d974-4d76-bd00-c25684a03e2d,(주)케이티아이에스,[정시퇴근]아주대학교병원 상담간호사 모집,20,경력 3년 ↑,"대졸(2,3년제) 이상",계약직,X,"경기 수원시 영통구, 수원시, 수원시 권선구, 수원시 장안구, 수원시 팔달구, 서울전체, 서울 관악구, 구로구, 금천구, 동작구",활동/경험:해당직무 근무경험,X,2023.03.30 16:00,2023.04.14 15:00
https://www.saramin.co.kr/zf_user/jobs/view?view_type=search&rec_idx=45363376&location=ts&searchword=CRC&searchType=search&paid_fl=n&search_uuid=fecd83a2-d974-4d76-bd00-c25684a03e2d,(학)계명대학교동산의료원,심장내과(계명대 동산병원) 임상 연구 코디네이터 모집,27,신입·경력(년수무관),"대졸(2,3년제) 이상(예정자 가능)","계약직, 아르바이트 근무",면접 후 결정,대구 달서구,X,"전공:간호학, 임상병리학|활동/경험:해당직무 근무경험|기타:병원 근무 경력자 우대",2023.03.28 12:00,2023.04.07 23:59
https://www.saramin.co.kr/zf_user/jobs/view?view_type=search&rec_idx=45393613&location=ts&searchword=CRC&searchType=search&paid_fl=n&search_uuid=fecd83a2-d974-4d76-bd00-c25684a03e2d,주식회사 세라젬클리니컬,[㈜세라젬클리니컬] 2023년 상반기 각 부문별 채용,24,경력 2년 ↑,석사졸업 이상,정규직,면접 후 결정,"서울 강남구, 서울전체, 동작구, 서초구, 성동구, 송파구, 용산구, 충남",X,X,2023.04.01 00:00,2023.04.14 23:59
https://www.saramin.co.kr/zf_user/jobs/view?view_type=search&rec_idx=45333846&location=ts&searchword=CRC&searchType=search&paid_fl=n&search_uuid=fecd83a2-d974-4d76-bd00-c25684a03e2d,제일정형외과병원,[제일정형외과병원] 각 부문 신입/경력 직원 채용,56,신입·경력,"대졸(2,3년제) 이상 내용 참조 부문별 상이","계약직 3개월, 정규직 전환 가능",면접 후 결정,"서울 강남구, 서울전체,",X,활동/경험:해당직무 근무경험,2023.03.23 00:00,2023.04.30 23:59
https://www.saramin.co.kr/zf_user/jobs/view?view_type=search&rec_idx=45423200&location=ts&searchword=CRC&searchType=search&paid_fl=n&search_uuid=fecd83a2-d974-4d76-bd00-c25684a03e2d,로엘심장혈관흉부외과의원,간호조무사 채용,3,신입·경력,고교졸업 이상,정규직 수습기간 3개월,X,서울,X,X,2023.04.05 00:00,2023.05.04 23:59
https://www.saramin.co.kr/zf_user/jobs/view?view_type=search&rec_idx=45410395&location=ts&searchword=CRC&searchType=search&paid_fl=n&search_uuid=fecd83a2-d974-4d76-bd00-c25684a03e2d,서울대학교병원,분당서울대학교병원 시뮬레이션센터 (보조)연구원 채용,4,경력(년수무관),"대졸(2,3년제) 이상",계약직,면접 후 결정,경기 성남시 분당구,X,X,2023.04.03 18:00,2023.04.21 23:59
https://www.saramin.co.kr/zf_user/jobs/view?view_type=search&rec_idx=45391470&location=ts&searchword=CRC&searchType=search&paid_fl=n&search_uuid=fecd83a2-d974-4d76-bd00-c25684a03e2d,건강보험심사평가원,2023년 상반기 정규직 채용 공고,152,신입·경력,학력무관,정규직 수습기간 3개월,면접 후 결정,강원,X,X,2023.03.30 17:00,2023.04.13 18:00
https://www.saramin.co.kr/zf_user/jobs/view?view_type=search&rec_idx=45260868&location=ts&searchword=CRC&searchType=search&paid_fl=n&search_uuid=fecd83a2-d974-4d76-bd00-c25684a03e2d,(학)계명대학교동산의료원,계명대학교 동산의료원 2023년 4월 계약직원 상시 공개채용,44,무관(신입포함),고교졸업 이상,계약직 기간제,면접 후 결정,대구 달서구,X,X,2023.03.29 17:00,2023.04.18 12:00
https://www.saramin.co.kr/zf_user/jobs/view?view_type=search&rec_idx=45406478&location=ts&searchword=CRC&searchType=search&paid_fl=n&search_uuid=fecd83a2-d974-4d76-bd00-c25684a03e2d,동아대학교의료원,건강증진지원과(종합검진센터) 임시직 간호사 채용 공고,27,무관(신입포함),"대졸(2,3년제) 이상",계약직 2년,"연봉 3,200 만원 (주 40시간) 근무",부산 서구,X,X,2023.04.03 14:00,2023.04.10 09:00
https://www.saramin.co.kr/zf_user/jobs/view?view_type=search&rec_idx=45378107&location=ts&searchword=CRC&searchType=search&paid_fl=n&search_uuid=e5a65066-9fa9-4848-9313-fb778bf6a048,(재)한국의학연구소,[KMI한국의학연구소]대구센터 기초검사실(오전계약직),43,무관(신입포함),"대졸(2,3년제) 이상",계약직,면접 후 결정,대구 중구,"자격증:간호사, 간호조무사, 임상병리사",X,2023.03.30 07:00,2023.04.29 23:59
https://www.saramin.co.kr/zf_user/jobs/view?view_type=search&rec_idx=45378116&location=ts&searchword=CRC&searchType=search&paid_fl=n&search_uuid=e5a65066-9fa9-4848-9313-fb778bf6a048,(재)한국의학연구소,[KMI한국의학연구소]대구센터 기초검사실(전일계약직),62,무관(신입포함),"대졸(2,3년제) 이상",계약직,면접 후 결정,대구 중구,"자격증:간호사, 간호조무사, 임상병리사",X,2023.03.30 07:00,2023.04.29 23:59
https://www.saramin.co.kr/zf_user/jobs/view?view_type=search&rec_idx=45387769&location=ts&searchword=CRC&searchType=search&paid_fl=n&search_uuid=e5a65066-9fa9-4848-9313-fb778bf6a048,연세대학교의료원 산학협력단,정부지원과제 사업관리 담당 채용,20,경력 2~3년,대졸(4년제) 이상,계약직 정규직 전환 가능 - 무기계약직,면접 후 결정,서울 서대문구,X,"자격증:간호사, 응급구조사|자격/능력:컴퓨터활용능력 우수, 문서작성 우수자, 엑셀 고급능력자, PPT능력 우수자",2023.03.31 09:00,2023.05.30 23:59
https://www.saramin.co.kr/zf_user/jobs/view?view_type=search&rec_idx=45365862&location=ts&searchword=CRC&searchType=search&paid_fl=n&search_uuid=e5a65066-9fa9-4848-9313-fb778bf6a048,전북대학교병원 의생명연구원,外 경력무관 모집 공고(계약직&기간제),21,무관(신입포함),"대졸(2,3년제) 이상",계약직 2개월 - 기간제,월급 250 만원 (주 40시간) 근무,전북 전주시 덕진구,"자격증:임상병리사, 간호사",X,2023.03.28 15:00,채용시 마감
https://www.saramin.co.kr/zf_user/jobs/view?view_type=search&rec_idx=45435001&location=ts&searchword=CRC&searchType=search&paid_fl=n&search_uuid=e5a65066-9fa9-4848-9313-fb778bf6a048,(주)에이투젠,(주)에이투젠 임상개발 모집,3,무관(신입포함),대졸(4년제) 이상,정규직 수습기간 3개월,면접 후 결정,대전 유성구,X,X,2023.04.06 13:00,2023.04.21 23:59
https://www.saramin.co.kr/zf_user/jobs/view?view_type=search&rec_idx=45310161&location=ts&searchword=CRC&searchType=search&paid_fl=n&search_uuid=e5a65066-9fa9-4848-9313-fb778bf6a048,서울대학교병원,(서울대학교병원/강북삼성병원 재활의학과) 연구원 모집공고,75,무관,학력무관,계약직 기간제,월급 250 만원 (주 40시간) 근무,서울 종로구,X,X,2023.03.21 09:00,2023.04.20 23:59
https://www.saramin.co.kr/zf_user/jobs/view?view_type=search&rec_idx=45311445&location=ts&searchword=CRC&searchType=search&paid_fl=n&search_uuid=e5a65066-9fa9-4848-9313-fb778bf6a048,(주)제넨바이오,수의사(의사) 신입/경력 채용,2,신입·경력,대졸(4년제) 이상,정규직 수습기간 3개월,면접 후 결정,경기,X,X,2023.03.21 00:00,2023.04.19 23:59
https://www.saramin.co.kr/zf_user/jobs/view?view_type=search&rec_idx=45382994&location=ts&searchword=CRC&searchType=search&paid_fl=n&search_uuid=e5a65066-9fa9-4848-9313-fb778bf6a048,퍼솔켈리코리아(유),"[의약 연구 개발 기업 ] 제약 행정사무 (특허, 인허가, 계약서)",24,무관(신입포함),대졸(4년제) 이상,정규직,면접 후 결정,서울 중구,X,"외국어능력:력영어가능자, 영어능통자",2023.03.30 14:00,채용시 마감
https://www.saramin.co.kr/zf_user/jobs/view?view_type=search&rec_idx=45402931&location=ts&searchword=CRC&searchType=search&paid_fl=n&search_uuid=e5a65066-9fa9-4848-9313-fb778bf6a048,(주)케이알메딕스,[병역특례 가능 기업] 23년도 상반기 대규모 채용,3,무관(신입포함),학력무관,"정규직, 계약직 근무형",면접 후 결정,서울 강남구,X,근무조건:인근거주자|활동/경험:해당직무 근무경험,2023.04.03 11:00,채용시 마감
https://www.saramin.co.kr/zf_user/jobs/view?view_type=search&rec_idx=45403036&location=ts&searchword=CRC&searchType=search&paid_fl=n&search_uuid=e5a65066-9fa9-4848-9313-fb778bf6a048,(주)케이알메딕스,[케이알메딕스] 임상시험 담당 임상QA 채용,13,무관(신입포함),학력무관,"정규직, 계약직 근무형",면접 후 결정,서울 강남구,X,근무조건:인근거주자|활동/경험:해당직무 근무경험,2023.04.03 11:00,2023.05.03 23:59
https://www.saramin.co.kr/zf_user/jobs/view?view_type=search&rec_idx=45414169&location=ts&searchword=CRC&searchType=search&paid_fl=n&search_uuid=e5a65066-9fa9-4848-9313-fb778bf6a048,뉴로핏(주),[의료AI기업] 임상시험 모니터 요원(CRA) 계약직,10,경력 1년 ↑,"대졸(2,3년제) 이상","계약직, 파트 근무",면접 후 결정,서울 강남구,활동/경험:해당직무 근무경험,X,2023.04.04 10:00,2023.04.15 23:59
https://www.saramin.co.kr/zf_user/jobs/view?view_type=search&rec_idx=45407265&location=ts&searchword=CRC&searchType=search&paid_fl=n&search_uuid=e5a65066-9fa9-4848-9313-fb778bf6a048,(주)엘앤씨바이오,[L&C AI] X-ray 영상의료기기 인허가(RA) 경력사원 채용,7,무관(신입포함),대졸(4년제) 이상,정규직 수습기간 3개월,면접 후 결정,"경기 화성시, 경기전체, 고양시, 김포시, 수원시, 서울전체, 서울 강남구, 강동구, 서초구",X,"활동/경험:해당직무 인턴경력, 해당직무 근무경험|기타:3, 4등급 의료기기 허가등록 업무 경력자",2023.04.03 15:00,2023.04.30 23:59
https://www.saramin.co.kr/zf_user/jobs/view?view_type=search&rec_idx=45360442&location=ts&searchword=CRC&searchType=search&paid_fl=n&search_uuid=e5a65066-9fa9-4848-9313-fb778bf6a048,오토텔릭바이오(주),항암제 및 신약 약리 연구 신입/경력 채용,24,신입·경력,석사졸업 이상,정규직,면접 후 결정,"경기 성남시 분당구,",X,보유역량:면역학/항암 연구 경험자,2023.03.29 00:00,2023.04.27 23:59
https://www.saramin.co.kr/zf_user/jobs/view?view_type=search&rec_idx=45205160&location=ts&searchword=CRC&searchType=search&paid_fl=n&search_uuid=e5a65066-9fa9-4848-9313-fb778bf6a048,(주)레즈메드헬스케어코리아,레즈메드코리아 Senior Clinical Specialist(교육간호사) 모집,46,경력 5년 ↑,대졸(4년제) 이상,정규직 수습기간 3개월,면접 후 결정,"서울 강남구, 서울전체, 경기전체 (재택근무 가능)",X,X,2023.03.07 10:00,채용시 마감
https://www.saramin.co.kr/zf_user/jobs/view?view_type=search&rec_idx=45199565&location=ts&searchword=CRC&searchType=search&paid_fl=n&search_uuid=e5a65066-9fa9-4848-9313-fb778bf6a048,(주)알바이오,바이오스타 줄기세포기술연구원 채용,58,무관(신입포함),고교졸업 이상,정규직 수습기간 3개월,면접 후 결정,서울 금천구,X,X,2023.03.06 16:00,채용시 마감
https://www.saramin.co.kr/zf_user/jobs/view?view_type=search&rec_idx=45130290&location=ts&searchword=CRC&searchType=search&paid_fl=n&search_uuid=e5a65066-9fa9-4848-9313-fb778bf6a048,(주)알바이오,바이오스타 줄기세포기술연구원 품질관리 채용,124,신입,고교졸업 이상(예정자 가능),"정규직, 인턴직 근무형",면접 후 결정,서울 금천구,X,X,2023.02.23 18:00,채용시 마감
https://www.saramin.co.kr/zf_user/jobs/view?view_type=search&rec_idx=45072785&location=ts&searchword=CRC&searchType=search&paid_fl=n&search_uuid=e5a65066-9fa9-4848-9313-fb778bf6a048,(주)메드파크,의료 분야 KOL 업무 담당자,60,신입·경력 3년 ↑,"대졸(2,3년제) 이상",정규직 수습기간 3개월,면접 후 결정,"부산 사상구, 서울 영등포구",X,"전공:간호학, 치기공/치위생학과|활동/경험:해당직무 근무경험|자격/능력:문서작성 우수자, 엑셀 고급능력자|기타:수술실 간호사, 메디컬 분야 의료/의학 연구원 경력",2023.02.16 09:00,채용시 마감
https://www.saramin.co.kr/zf_user/jobs/view?view_type=search&rec_idx=45079200&location=ts&searchword=CRC&searchType=search&paid_fl=n&search_uuid=e5a65066-9fa9-4848-9313-fb778bf6a048,(주)메드파크,기술사업본부 연구개발 부문별 채용,49,무관(신입포함),대졸(4년제) 이상,정규직 수습기간 3개월,면접 후 결정,"부산 사상구, 서울전체, 서울 영등포구",전공:공공학계열|자격/능력:문서작성 우수자,외국어능력:력영어가능자|자격/능력:컴퓨터활용능력 우수,2023.02.16 17:00,채용시 마감
https://www.saramin.co.kr/zf_user/jobs/view?view_type=search&rec_idx=45120342&location=ts&searchword=CRC&searchType=search&paid_fl=n&search_uuid=e5a65066-9fa9-4848-9313-fb778bf6a048,(주)알바이오,바이오스타 줄기세포기술연구원 네이처셀 화장품/면역세포 채용,43,무관(신입포함),고교졸업 이상,정규직 수습기간 3개월,면접 후 결정,서울 금천구,X,X,2023.02.22 15:00,채용시 마감
https://www.saramin.co.kr/zf_user/jobs/view?view_type=search&rec_idx=45365913&location=ts&searchword=CRC&searchType=search&paid_fl=n&search_uuid=e5a65066-9fa9-4848-9313-fb778bf6a048,(주)알바이오,네이처셀 연구개발본부 엔젤연구팀 채용공고,18,경력(년수무관),대졸(4년제) 이상,정규직 수습기간 1개월,면접 후 결정,"서울 금천구, 영등포구",X,활동/경험:석사학위 수여자,2023.03.28 15:00,채용시 마감
https://www.saramin.co.kr/zf_user/jobs/view?view_type=search&rec_idx=45297497&location=ts&searchword=CRC&searchType=search&paid_fl=n&search_uuid=e5a65066-9fa9-4848-9313-fb778bf6a048,(주)심플플래닛,(주)심플플래닛 세포배양육 개발 연구원 채용[신입/경력],18,신입·경력 1~3년,석사졸업 이상,정규직 수습기간 3개월,면접 후 결정,서울 성동구,X,X,2023.03.20 08:00,채용시 마감
https://www.saramin.co.kr/zf_user/jobs/view?view_type=search&rec_idx=45314902&location=ts&searchword=CRC&searchType=search&paid_fl=n&search_uuid=e5a65066-9fa9-4848-9313-fb778bf6a048,노원을지대학교병원,IRB 연구코디네이터 채용공고,44,무관(신입포함),"대졸(2,3년제) 이상",계약직 2년 - 기간제,면접 후 결정,서울 노원구,X,"전공:간호학|자격증:간호사, 보건의료정보관리사|활동/경험:해당직무 인턴경력, 해당직무 근무경험",2023.03.21 14:00,채용시 마감
https://www.saramin.co.kr/zf_user/jobs/view?view_type=search&rec_idx=45426502&location=ts&searchword=CRC&searchType=search&paid_fl=n&search_uuid=e5a65066-9fa9-4848-9313-fb778bf6a048,(주)에이티센스,분석팀 임상병리사 - 경력 채용,2,,대졸(4년제) 이상,정규직 수습기간 3개월,면접 후 결정,"경기 성남시, 하남시, 서울 강남구",X,X,2023.04.05 00:00,2023.05.04 23:59
https://www.saramin.co.kr/zf_user/jobs/view?view_type=search&rec_idx=45426582&location=ts&searchword=CRC&searchType=search&paid_fl=n&search_uuid=e5a65066-9fa9-4848-9313-fb778bf6a048,하트비트 분석센터의원,심전도분석 임상병리사 (대규모채용),3,,"대졸(2,3년제) 이상",정규직 수습기간 3개월,면접 후 결정,"경기 성남시, 하남시, 서울",자격증:임상병리사,전공:임상병리학,2023.04.05 00:00,2023.05.04 23:59
https://www.saramin.co.kr/zf_user/jobs/view?view_type=search&rec_idx=45406509&location=ts&searchword=CRC&searchType=search&paid_fl=n&search_uuid=e5a65066-9fa9-4848-9313-fb778bf6a048,리팅성형외과의원,[주4/5일 선택근무제] 리팅성형외과 간호부문 대규모 채용,7,무관(신입포함),학력무관,정규직 수습기간 3개월,면접 후 결정,서울 강남구,X,X,2023.04.03 14:00,2023.04.30 23:59
https://www.saramin.co.kr/zf_user/jobs/view?view_type=search&rec_idx=45395012&location=ts&searchword=CRC&searchType=search&paid_fl=n&search_uuid=e5a65066-9fa9-4848-9313-fb778bf6a048,리프트성형외과,[주5일/다양한복지] 성형외과 임상연구원/임상지원팀 채용,9,무관(신입포함),대졸(4년제) 이상(예정자 가능),"정규직, 계약직 근무형",면접 후 결정,대구 중구,X,"자격/능력:통계분석능숙자, 문서작성 우수자, 엑셀 고급능력자|활동/경험:해당직무 근무경험",2023.03.31 19:00,채용시 마감
https://www.saramin.co.kr/zf_user/jobs/view?view_type=search&rec_idx=45414056&location=ts&searchword=CRC&searchType=search&paid_fl=n&search_uuid=e5a65066-9fa9-4848-9313-fb778bf6a048,충남대학교병원,[계약직] 세종충남대학교병원 임상연구코디네이터 채용공고,10,무관(신입포함),대졸(4년제) 이상 간호사 자격증 소지자,계약직 1년3개월 - 기간제,"연봉 3,300 만원 (주 40시간) 근무",세종특별자치시,X,전공:간호학,2023.04.04 10:00,2023.04.10 17:00
https://www.saramin.co.kr/zf_user/jobs/view?view_type=search&rec_idx=45378886&location=ts&searchword=CRC&searchType=search&paid_fl=n&search_uuid=e5a65066-9fa9-4848-9313-fb778bf6a048,(주)케이원파트너스컴퍼니,"제약, 바이오 임상부문(CRA,CRM,PM,BD,COL,SSU)",18,무관,대졸(4년제) 이상,정규직,면접 후 결정,"서울 강남구, 전국",X,X,2023.03.30 09:00,2023.04.29 23:59
https://www.saramin.co.kr/zf_user/jobs/view?view_type=search&rec_idx=45418717&location=ts&searchword=CRC&searchType=search&paid_fl=n&search_uuid=e5a65066-9fa9-4848-9313-fb778bf6a048,서울대학교병원,분당서울대학교병원 (보조)연구원 채용,9,경력(년수무관),"대졸(2,3년제) 이상",계약직,면접 후 결정,경기 성남시 분당구,X,X,2023.04.04 15:00,2023.04.19 23:59
https://www.saramin.co.kr/zf_user/jobs/view?view_type=search&rec_idx=45335837&location=ts&searchword=CRC&searchType=search&paid_fl=n&search_uuid=e5a65066-9fa9-4848-9313-fb778bf6a048,충북대학교병원,충북대학교병원 응급의학과 교통사고조사 연구원 채용공고,18,무관(신입포함),"대졸(2,3년제) 이상(예정자 가능)",계약직 1년,월급 180 만원 (주 32시간) 근무,충북 청주시 서원구,X,X,2023.03.23 17:00,채용시 마감
https://www.saramin.co.kr/zf_user/jobs/view?view_type=search&rec_idx=45420585&location=ts&searchword=CRC&searchType=search&paid_fl=n&search_uuid=e5a65066-9fa9-4848-9313-fb778bf6a048,삼일제약,삼일제약(주) 연구개발 BD팀 사업개발담당 모집(서울),9,경력 3~7년,대졸(4년제) 이상,정규직 수습기간 3개월,면접 후 결정,서울 서초구,X,X,2023.04.04 17:00,2023.04.16 23:59
https://www.saramin.co.kr/zf_user/jobs/view?view_type=search&rec_idx=45437221&location=ts&searchword=CRC&searchType=search&paid_fl=n&search_uuid=e5a65066-9fa9-4848-9313-fb778bf6a048,동아대학교의료원,의료질향상관리과 간호사(육아휴직자 대체) 채용 공고,3,무관(신입포함),"대졸(2,3년제) 이상",계약직 1년3개월,"연봉 3,200 만원 (주 40시간) 근무",부산 서구,X,X,2023.04.06 14:00,2023.04.13 09:00
https://www.saramin.co.kr/zf_user/jobs/view?view_type=search&rec_idx=45157608&location=ts&searchword=CRC&searchType=search&paid_fl=n&search_uuid=e5a65066-9fa9-4848-9313-fb778bf6a048,(재)한국의학연구소,KMI 제주센터 간호사 채용,31,무관(신입포함),"대졸(2,3년제) 이상(예정자 가능)",정규직 수습기간 2개월,면접 후 결정,제주 서귀포시,X,자격증:간호사,2023.02.28 12:00,채용시 마감
https://www.saramin.co.kr/zf_user/jobs/view?view_type=search&rec_idx=45430674&location=ts&searchword=CRC&searchType=search&paid_fl=n&search_uuid=e5a65066-9fa9-4848-9313-fb778bf6a048,(주)올리브커리어,[급구]서울대학교병원 원내 배송담당 채용,3,무관(신입포함),학력무관,"파견직 1년, 정규직 전환 가능","연봉 3,340 만원 (주 8시간) 근무","서울 종로구, 강북구, 노원구, 도봉구, 성북구, 경기 구리시, 남양주시, 동두천시, 양주시, 의정부시",X,X,2023.04.05 18:00,채용시 마감
https://www.saramin.co.kr/zf_user/jobs/view?view_type=search&rec_idx=45250510&location=ts&searchword=CRC&searchType=search&paid_fl=n&search_uuid=e5a65066-9fa9-4848-9313-fb778bf6a048,자이씨앤에이(주),"[상시채용] PJT전문직(건축/설비/전기시공, 현장/안전/보건관리)",53,경력(년수무관),"대졸(2,3년제) 이상",계약직 기간제,면접 후 결정,서울 강서구,X,X,2023.03.13 12:00,채용시 마감
https://www.saramin.co.kr/zf_user/jobs/view?view_type=search&rec_idx=45409435&location=ts&searchword=CRC&searchType=search&paid_fl=n&search_uuid=e5a65066-9fa9-4848-9313-fb778bf6a048,(의)토마스의료재단 윌스기념병원,[수원윌스기념병원] 근골격센터 계약직 채용,7,무관(신입포함),"대졸(2,3년제) 이상",계약직 3개월,면접 후 결정,경기 수원시 팔달구,"자격증:간호사, 방사선사, 1종대형운전면허",X,2023.04.03 17:00,2023.05.03 23:59
https://www.saramin.co.kr/zf_user/jobs/view?view_type=search&rec_idx=45267090&location=ts&searchword=CRC&searchType=search&paid_fl=n&search_uuid=e5a65066-9fa9-4848-9313-fb778bf6a048,브이픽스메디칼,대전 / 임상연구/ 동물 실험/ R&D / 의료기기 개발,25,신입·경력 3년 ↑,학력무관,"정규직, 계약직 근무형",면접 후 결정,대전 중구,X,"전공:의/약학, 생명과학|활동/경험:해당직무 근무경험",2023.03.14 20:00,2023.05.13 23:59
https://www.saramin.co.kr/zf_user/jobs/view?view_type=search&rec_idx=45326076&location=ts&searchword=CRC&searchType=search&paid_fl=n&search_uuid=e5a65066-9fa9-4848-9313-fb778bf6a048,영진전문대학교,영진전문대 간호학과 실습조교(연구원) 모집,9,경력 2년 ↑,"대졸(2,3년제) 이상",계약직 2년,"연봉 2,500 만원 (주 40시간) 근무",대구 북구,X,X,2023.03.22 16:00,2023.04.21 23:59
https://www.saramin.co.kr/zf_user/jobs/view?view_type=search&rec_idx=45383977&location=ts&searchword=CRC&searchType=search&paid_fl=n&search_uuid=e5a65066-9fa9-4848-9313-fb778bf6a048,한양대학교병원,임상연구보호센터지원팀 사무원 (임시직),10,신입,학력무관,계약직,면접 후 결정,서울 성동구,X,X,2023.03.30 15:00,2023.04.12 23:59
https://www.saramin.co.kr/zf_user/jobs/view?view_type=search&rec_idx=45389351&location=ts&searchword=CRC&searchType=search&paid_fl=n&search_uuid=e5a65066-9fa9-4848-9313-fb778bf6a048,(주)에스엠오산,연구직[채혈자] 채용 공고,11,무관(신입포함),"대졸(2,3년제) 이상","아르바이트, 파트","시급 30,000 원",충북 청주시 서원구,"자격증:간호사, 국제임상병리사",X,2023.03.31 10:00,2023.05.30 23:59
https://www.saramin.co.kr/zf_user/jobs/view?view_type=search&rec_idx=45261758&location=ts&searchword=CRC&searchType=search&paid_fl=n&search_uuid=dece992b-9cd1-4c88-b24a-7dda460fab37,라움보건환경(주),[라움보건환경] 보건관리업무 간호파트 모집,70,무관(신입포함),"대졸(2,3년제) 이상(예정자 가능)",정규직,면접 후 결정,경기 화성시,"자격증:간호사, 2종보통운전면허(오토)",근무조건:인근거주자,2023.03.14 12:00,2023.04.13 23:59
https://www.saramin.co.kr/zf_user/jobs/view?view_type=search&rec_idx=45390230&location=ts&searchword=CRC&searchType=search&paid_fl=n&search_uuid=dece992b-9cd1-4c88-b24a-7dda460fab37,경희서울한의원,"[부산 용호동] #주4일, 41시간 #연봉 2460 정규직 간호조무사",5,무관(신입포함),학력무관(예정자 가능),정규직 수습기간 2개월,"연봉 2,460 만원 (주 41시간) 근무",부산 남구,X,X,2023.03.31 11:00,2023.04.30 23:59
https://www.saramin.co.kr/zf_user/jobs/view?view_type=search&rec_idx=45433105&location=ts&searchword=CRC&searchType=search&paid_fl=n&search_uuid=dece992b-9cd1-4c88-b24a-7dda460fab37,에이디엠코리아(주),"임상시험 데이터관리 각 부문 신입/경력 채용(DM, CDA, DA, BS )",1,신입·경력 1년 ↑,대졸(4년제) 이상(예정자 가능),정규직 수습기간 3개월,면접 후 결정,서울 종로구,X,X,2023.04.06 09:00,채용시 마감
https://www.saramin.co.kr/zf_user/jobs/view?view_type=search&rec_idx=45354114&location=ts&searchword=CRC&searchType=search&paid_fl=n&search_uuid=dece992b-9cd1-4c88-b24a-7dda460fab37,(주)올리브헬스케어,올리브헬스케어 - 임상 상담 콜센터 정규직 채용 (신입지원가능),12,무관(신입포함),"대졸(2,3년제) 이상",정규직,면접 후 결정,경기 용인시 기흥구,X,X,2023.03.27 13:00,2023.04.26 23:59
https://www.saramin.co.kr/zf_user/jobs/view?view_type=search&rec_idx=45174041&location=ts&searchword=CRC&searchType=search&paid_fl=n&search_uuid=dece992b-9cd1-4c88-b24a-7dda460fab37,(의)숭인의료재단,김해복음병원 IRB 행정간사 채용,4,경력 2년 ↑,대졸(4년제) 이상,정규직,면접 후 결정,경남 김해시,자격증:간호사|활동/경험:해당직무 근무경험,X,2023.03.02 16:00,채용시 마감
https://www.saramin.co.kr/zf_user/jobs/view?view_type=search&rec_idx=45439327&location=ts&searchword=CRC&searchType=search&paid_fl=n&search_uuid=dece992b-9cd1-4c88-b24a-7dda460fab37,벡코씨알오(주),2023년도 상반기 BeccoCRO CRA (경력/신입) 인재 채용,15,신입·경력(년수무관),대졸(4년제) 이상,정규직 수습기간 3개월,면접 후 결정,서울 중구 (재택근무 가능),X,"전공:의/약학, 간호학, 수의학과|자격증:간호사|외국어능력:력영어능통자|자격/능력:컴퓨터활용능력 우수|활동/경험:해당직무 근무경험",2023.04.06 18:00,2023.05.07 23:59
https://www.saramin.co.kr/zf_user/jobs/view?view_type=search&rec_idx=45383632&location=ts&searchword=CRC&searchType=search&paid_fl=n&search_uuid=dece992b-9cd1-4c88-b24a-7dda460fab37,인바이츠바이오코아(주),인바이츠바이오코아(주) 임상 MW (Medical writer) 채용의 건,18,경력 1년 ↑,대졸(4년제) 이상,정규직 수습기간 3개월,면접 후 결정,"서울 구로구, 금천구",X,X,2023.03.31 00:00,2023.04.18 15:00
https://www.saramin.co.kr/zf_user/jobs/view?view_type=search&rec_idx=45370683&location=ts&searchword=CRC&searchType=search&paid_fl=n&search_uuid=dece992b-9cd1-4c88-b24a-7dda460fab37,벡톤디킨슨코리아(주),[BD Korea] Marketing Specialist,7,경력 3~5년,대졸(4년제) 이상,정규직 수습기간 3개월,면접 후 결정,서울 강남구 (재택근무 가능),X,X,2023.03.29 10:00,2023.05.28 23:59
https://www.saramin.co.kr/zf_user/jobs/view?view_type=search&rec_idx=45399884&location=ts&searchword=CRC&searchType=search&paid_fl=n&search_uuid=dece992b-9cd1-4c88-b24a-7dda460fab37,(주)맨토스파워,[상장제약사-임상사원급] SM/임상시험관리/석사이상우대,2,경력 1~5년,대졸(4년제) 이상,정규직,면접 후 결정,서울 마포구,X,X,2023.04.03 09:00,2023.04.09 23:59
https://www.saramin.co.kr/zf_user/jobs/view?view_type=search&rec_idx=45402451&location=ts&searchword=CRC&searchType=search&paid_fl=n&search_uuid=dece992b-9cd1-4c88-b24a-7dda460fab37,퍼솔켈리코리아(유),"[의약 연구 개발 업체] ADC,CMC 연구원",2,무관(신입포함),대졸(4년제) 이상,정규직,면접 후 결정,경기 수원시 영통구,X,X,2023.04.03 10:00,채용시 마감
https://www.saramin.co.kr/zf_user/jobs/view?view_type=search&rec_idx=45226947&location=ts&searchword=CRC&searchType=search&paid_fl=n&search_uuid=dece992b-9cd1-4c88-b24a-7dda460fab37,(주)메가젠임플란트,[R&D부문] 연구소 생체재료 연구·개발 담당자 모집,30,신입·경력 3년 ↑,"대졸(2,3년제) 이상(예정자 가능)",정규직 수습기간 3개월,면접 후 결정,대구 수성구,X,X,2023.03.09 11:00,2023.04.08 23:59
https://www.saramin.co.kr/zf_user/jobs/view?view_type=search&rec_idx=45260850&location=ts&searchword=CRC&searchType=search&paid_fl=n&search_uuid=dece992b-9cd1-4c88-b24a-7dda460fab37,(주)사람인에이치에스,[군자/정규직/상장사] 펫사료 연구개발팀 채용 (과장~차장급),3,경력 5년 ↑,석사졸업 이상,정규직,면접 후 결정,"서울 광진구, 서울전체, 강동구, 마포구, 서대문구, 경기전체, 경기 부천시, 성남시, 수원시, 안양시",X,X,2023.03.14 11:00,채용시 마감
https://www.saramin.co.kr/zf_user/jobs/view?view_type=search&rec_idx=45264423&location=ts&searchword=CRC&searchType=search&paid_fl=n&search_uuid=dece992b-9cd1-4c88-b24a-7dda460fab37,(주)사람인에이치에스,[장항/정규직/상장사] 펫사료 연구개발팀 채용 (과장~차장급),4,경력 5년 ↑,석사졸업 이상,정규직,면접 후 결정,"전북 익산시, 전북전체, 군산시, 무주군, 부안군",X,X,2023.03.14 15:00,2023.04.13 23:59
https://www.saramin.co.kr/zf_user/jobs/view?view_type=search&rec_idx=45115358&location=ts&searchword=CRC&searchType=search&paid_fl=n&search_uuid=dece992b-9cd1-4c88-b24a-7dda460fab37,서울아산병원,서울아산병원 위촉연구원 (개인 PI 교수님 소속),20,경력 1~1년,"대졸(2,3년제) 이상",위촉직,"연봉 4,000 만원 (주 40시간) 근무",서울 송파구,X,X,2023.02.22 09:00,2023.04.24 23:59
https://www.saramin.co.kr/zf_user/jobs/view?view_type=search&rec_idx=45375528&location=ts&searchword=CRC&searchType=search&paid_fl=n&search_uuid=dece992b-9cd1-4c88-b24a-7dda460fab37,울산대학교산학협력단,코호트 연구코디네이터(근무지 : 서울아산병원) 채용,14,경력(년수무관),대졸(4년제) 이상,계약직,면접 후 결정,서울 송파구,X,전공:간호학|활동/경험:해당직무 근무경험,2023.03.29 15:00,2023.04.28 23:59
https://www.saramin.co.kr/zf_user/jobs/view?view_type=search&rec_idx=45067537&location=ts&searchword=CRC&searchType=search&paid_fl=n&search_uuid=dece992b-9cd1-4c88-b24a-7dda460fab37,(주)메디헬프라인,[메디헬프라인] 임상시험 CPL/CRA 경력직원 모집,23,경력 1년 ↑,대졸(4년제) 이상,정규직 수습기간 3개월,면접 후 결정,서울 중구,활동/경험:해당직무 근무경험,"전공:의/약학, 생명과학, 간호학|외국어능력:력영어가능자",2023.02.15 15:00,채용시 마감
https://www.saramin.co.kr/zf_user/jobs/view?view_type=search&rec_idx=45215644&location=ts&searchword=CRC&searchType=search&paid_fl=n&search_uuid=dece992b-9cd1-4c88-b24a-7dda460fab37,(주)신우코퍼레이션,㈜신우코퍼레이션 건강기능식품 개별인정형 연구기획 정규직,38,경력 3년 ↑,대졸(4년제) 이상(예정자 가능),정규직 수습기간 3개월,면접 후 결정,"경기 안양시 동안구, 경기전체, 서울전체",X,활동/경험:해당직무 근무경험,2023.03.08 10:00,채용시 마감
https://www.saramin.co.kr/zf_user/jobs/view?view_type=search&rec_idx=45210024&location=ts&searchword=CRC&searchType=search&paid_fl=n&search_uuid=dece992b-9cd1-4c88-b24a-7dda460fab37,엘스비어코리아(유),[엘스비어] Nursing Skills Video Operation Editor 모집,29,경력 2년 ↑,대졸(4년제) 이상,계약직 8개월,면접 후 결정,서울 용산구,전공:공간호학|외국어능력:력영어가능자,"활동/경험:해당직무 근무경험, 석사학위 수여자",2023.03.07 14:00,채용시 마감
https://www.saramin.co.kr/zf_user/jobs/view?view_type=search&rec_idx=45033005&location=ts&searchword=CRC&searchType=search&paid_fl=n&search_uuid=dece992b-9cd1-4c88-b24a-7dda460fab37,(주)테서,"검사결과지 데이터 기반 해석 및 상담 의사, 의학 전공",14,무관(신입포함),대졸(4년제) 이상(예정자 가능),"정규직, 계약직, 아르바이트",면접 후 결정,서울 강남구 (재택근무 가능),X,X,2023.02.10 15:00,채용시 마감
https://www.saramin.co.kr/zf_user/jobs/view?view_type=search&rec_idx=45269501&location=ts&searchword=CRC&searchType=search&paid_fl=n&search_uuid=dece992b-9cd1-4c88-b24a-7dda460fab37,(주)원진바이오테크놀로지,의약품 임상업무 경력 채용,14,경력 2년 ↑,대졸(4년제) 이상,정규직,면접 후 결정,"경기 수원시 영통구, 수원시, 용인시",X,"전공:의/약학, 생명/환경공학, 간호학 외 1건",2023.03.15 00:00,2023.04.13 23:59
https://www.saramin.co.kr/zf_user/jobs/view?view_type=search&rec_idx=45432045&location=ts&searchword=CRC&searchType=search&paid_fl=n&search_uuid=dece992b-9cd1-4c88-b24a-7dda460fab37,한스컨설팅,강남 위치 안과 관련 디지털헬스케어기업 CRA 대리-과장급,2,경력 5~10년,대졸(4년제) 이상,정규직,"연봉 5,000 만원 (주 40시간) 근무",서울 강남구,X,근무조건:인근거주자|활동/경험:해당직무 근무경험,2023.04.06 08:00,채용시 마감
https://www.saramin.co.kr/zf_user/jobs/view?view_type=search&rec_idx=45399253&location=ts&searchword=CRC&searchType=search&paid_fl=n&search_uuid=dece992b-9cd1-4c88-b24a-7dda460fab37,(주)제이에스알메디컬,의료기기 인허가(RA) 담당자 모집,2,신입·경력(년수무관),대졸(4년제) 이상 의료기기 인허가 및 품질관리 경험,정규직 수습기간 3개월,면접 후 결정,대구 달서구,X,"전공:전기/전자공학, 신소재/재료공학, 생명과학|자격증:의공기사|외국어능력:력영어가능자, 영어능통자|자격/능력:통계분석능숙자, 컴퓨터활용능력 우수, 문서작성 우수자, 엑셀 고급능력자, 포토샵 능숙자 외 1건|활동/경험:해당직무 근무경험, 석사학위 수여자, 박사학위 수여자|기타:ISO13485, CE, FDA, MDSAP",2023.04.03 08:00,2023.04.09 23:59
https://www.saramin.co.kr/zf_user/jobs/view?view_type=search&rec_idx=45347336&location=ts&searchword=CRC&searchType=search&paid_fl=n&search_uuid=dece992b-9cd1-4c88-b24a-7dda460fab37,(주)브이비젼,[대전/표적항암제 개발기업] 임상개발 CRM 채용,스크랩,경력 5년 ↑,석사졸업 이상,정규직,면접 후 결정,대전 대덕구,X,"외국어능력:력영어가능자, 영어능통자|활동/경험:해당직무 근무경험",2023.03.26 10:00,채용시 마감
https://www.saramin.co.kr/zf_user/jobs/view?view_type=search&rec_idx=45347881&location=ts&searchword=CRC&searchType=search&paid_fl=n&search_uuid=dece992b-9cd1-4c88-b24a-7dda460fab37,굿커리어,"의료기기 품질팀장(QA팀장(품질보증) 과장,차장급 구함(굿커리어",2,경력 9년 ↑,대졸(4년제) 이상,정규직,면접 후 결정,서울 강남구,X,X,2023.03.26 17:00,2023.04.25 23:59
https://www.saramin.co.kr/zf_user/jobs/view?view_type=search&rec_idx=45440023&location=ts&searchword=CRC&searchType=search&paid_fl=n&search_uuid=dece992b-9cd1-4c88-b24a-7dda460fab37,엔디넥스(주),약가 컨설팅 & 제약 학술/임상,스크랩,무관(신입포함),대졸(4년제) 이상(예정자 가능),정규직 수습기간 3개월,면접 후 결정,경기 광명시,X,X,2023.04.06 18:00,2023.06.05 23:59
https://www.saramin.co.kr/zf_user/jobs/view?view_type=search&rec_idx=45312318&location=ts&searchword=CRC&searchType=search&paid_fl=n&search_uuid=dece992b-9cd1-4c88-b24a-7dda460fab37,지큐브스페이스(주),"[강남/경기광주] 침대, 매트리스회사 연구원 모집",18,무관(신입포함),"대졸(2,3년제) 이상",정규직 수습기간 3개월,면접 후 결정,"서울 강남구, 서울전체, 관악구, 서초구, 송파구, 경기 광주시, 성남시, 성남시 분당구, 성남시 수정구, 성남시 중원구",X,X,2023.03.21 10:00,2023.04.20 23:59
https://www.saramin.co.kr/zf_user/jobs/view?view_type=search&rec_idx=45331367&location=ts&searchword=CRC&searchType=search&paid_fl=n&search_uuid=dece992b-9cd1-4c88-b24a-7dda460fab37,서울대학교산학협력단,서울대학교 CCADD 연구실 의료인공지능 박사후연구원 및 연구원,8,무관(신입포함),석사졸업 이상,계약직 무기계약직,면접 후 결정,경기 수원시 영통구,X,"전공:의/약학, 간호학, 임상병리학|외국어능력:력영어능통자|자격/능력:통계분석능숙자|활동/경험:해당직무 근무경험",2023.03.23 11:00,2023.04.22 23:59
https://www.saramin.co.kr/zf_user/jobs/view?view_type=search&rec_idx=45212214&location=ts&searchword=CRC&searchType=search&paid_fl=n&search_uuid=dece992b-9cd1-4c88-b24a-7dda460fab37,(주)메디헬프라인,[메디헬프라인] PharmacoVigilance & Safety Team 경력직 채용,16,경력 1년 ↑,대졸(4년제) 이상,정규직 수습기간 3개월,면접 후 결정,서울 중구,X,X,2023.03.07 17:00,2023.04.14 23:59
https://www.saramin.co.kr/zf_user/jobs/view?view_type=search&rec_idx=45392959&location=ts&searchword=CRC&searchType=search&paid_fl=n&search_uuid=dece992b-9cd1-4c88-b24a-7dda460fab37,(주)유틸렉스,포트노바 운영지원팀 채용,12,무관(신입포함),"대졸(2,3년제) 이상",정규직 수습기간 3개월,면접 후 결정,서울 금천구,X,"전공:식품/유전/바이오, 생명과학, 임상병리학|자격증:간호사, 임상병리사|활동/경험:해당직무 근무경험",2023.03.31 15:00,2023.04.16 23:59
https://www.saramin.co.kr/zf_user/jobs/view?view_type=search&rec_idx=45274608&location=ts&searchword=CRC&searchType=search&paid_fl=n&search_uuid=dece992b-9cd1-4c88-b24a-7dda460fab37,의료법인 인산의료재단 메트로병원,메트로병원 임상시험센터 코디네이터 모집합니다.,18,무관(신입포함),"대졸(2,3년제) 이상(예정자 가능)","정규직, 계약직 근무형",면접 후 결정,경기 안양시 만안구,X,"전공:생명과학, 간호학, 임상병리학|활동/경험:해당직무 근무경험|자격/능력:문서작성 우수자",2023.03.15 16:00,채용시 마감
https://www.saramin.co.kr/zf_user/jobs/view?view_type=search&rec_idx=45056696&location=ts&searchword=CRC&searchType=search&paid_fl=n&search_uuid=dece992b-9cd1-4c88-b24a-7dda460fab37,(주)셀랩메드,셀랩메드에서 임상개발/임상전문가를 모집합니다.,29,신입·경력 2~15년,대졸(4년제) 이상(예정자 가능) 생명과학/화학/면역학/의과학/약학,정규직,면접 후 결정,서울 성북구,X,"전공:의/약학, 식품/유전/바이오, 생명과학",2023.02.14 13:00,채용시 마감
https://www.saramin.co.kr/zf_user/jobs/view?view_type=search&rec_idx=45188244&location=ts&searchword=CRC&searchType=search&paid_fl=n&search_uuid=dece992b-9cd1-4c88-b24a-7dda460fab37,강남베드로병원,[강남베드로병원] 감염관리실 간호사 채용,52,무관(신입포함),"대졸(2,3년제) 이상",정규직 수습기간 3개월,"연봉 3,700 만원 (주 40시간) 근무",서울 강남구,X,근무조건:인근거주자|활동/경험:해당직무 근무경험|자격/능력:문서작성 우수자,2023.03.04 18:00,채용시 마감
https://www.saramin.co.kr/zf_user/jobs/view?view_type=search&rec_idx=45339997&location=ts&searchword=CRC&searchType=search&paid_fl=n&search_uuid=dece992b-9cd1-4c88-b24a-7dda460fab37,(주)차케어스,[차병원그룹] 차병원 통합컨택(콜)센터 상담간호사 채용,4,무관(신입포함),"대졸(2,3년제) 이상","정규직, 계약직 근무",면접 후 결정,경기 성남시 분당구,자격증:간호사,"근무조건:인근거주자|활동/경험:해당직무 근무경험|기타:콜센터 경력자 우대, 긍정적이고 CS마인드 우수한 분, 컴퓨터 활용능력 우수한 분, 장기근무 가능, 즉시출근 가능",2023.03.24 11:00,2023.04.10 23:59
https://www.saramin.co.kr/zf_user/jobs/view?view_type=search&rec_idx=45321789&location=ts&searchword=CRC&searchType=search&paid_fl=n&search_uuid=dece992b-9cd1-4c88-b24a-7dda460fab37,(주)제노스,인허가 분야(의약품 인허가(RA)) 채용공고,9,경력 6년 ↑,대졸(4년제) 이상,정규직 수습기간 3개월,면접 후 결정,"경기 수원시 영통구,",X,X,2023.03.22 00:00,2023.04.20 23:59
https://www.saramin.co.kr/zf_user/jobs/view?view_type=search&rec_idx=45371606&location=ts&searchword=CRC&searchType=search&paid_fl=n&search_uuid=dece992b-9cd1-4c88-b24a-7dda460fab37,(주)케이티아이에스,[강남세브란스병원] 진료예약센터 상담간호사 모집,17,경력 1년 ↑,"대졸(2,3년제) 이상",계약직,월급 280 만원 (주 40시간) 근무,서울 강남구,X,X,2023.03.29 10:00,2023.04.28 23:59
https://www.saramin.co.kr/zf_user/jobs/view?view_type=search&rec_idx=45388545&location=ts&searchword=CRC&searchType=search&paid_fl=n&search_uuid=dece992b-9cd1-4c88-b24a-7dda460fab37,아주약품(주),아주약품㈜ 임상팀 임상PM(Project Manager) 경력사원 모집,7,경력 1년 ↑,대졸(4년제) 이상,정규직 수습기간 3개월,면접 후 결정,서울 구로구,X,X,2023.03.31 10:00,2023.04.16 23:59
https://www.saramin.co.kr/zf_user/jobs/view?view_type=search&rec_idx=45338747&location=ts&searchword=CRC&searchType=search&paid_fl=n&search_uuid=dece992b-9cd1-4c88-b24a-7dda460fab37,대화기기㈜,[대화기기] 의료기기 기획마케팅 / 연구지원 담당자 채용,17,무관(신입포함),"대졸(2,3년제) 이상",정규직 수습기간 3개월,면접 후 결정,서울 강남구,X,X,2023.03.24 10:00,2023.04.23 23:59
https://www.saramin.co.kr/zf_user/jobs/view?view_type=search&rec_idx=45408906&location=ts&searchword=CRC&searchType=search&paid_fl=n&search_uuid=dece992b-9cd1-4c88-b24a-7dda460fab37,주식회사 퓨쳐켐,"2023년 상반기 임상시험, CRA(임상연구원) 경력직 모집",2,경력 3년 ↑,대졸(4년제) 이상,정규직 수습기간 3개월,면접 후 결정,서울 성동구,X,X,2023.04.03 16:00,2023.05.03 23:59
https://www.saramin.co.kr/zf_user/jobs/view?view_type=search&rec_idx=45428493&location=ts&searchword=CRC&searchType=search&paid_fl=n&search_uuid=dece992b-9cd1-4c88-b24a-7dda460fab37,(학)가톨릭학원의정부성모병원,가톨릭대 산학협력단 발령 과제 연구원/연구교수 채용,스크랩,경력 1년 ↑,석사졸업 이상(예정자 가능),계약직 9개월 - 기간제,"연봉 3,720 만원 (주 40시간) 근무",경기 의정부시,X,"전공:공학계열, 심리학, 간호학|자격/능력:통계분석능숙자, 컴퓨터활용능력 우수",2023.04.05 15:00,2023.05.05 23:59
https://www.saramin.co.kr/zf_user/jobs/view?view_type=search&rec_idx=45380606&location=ts&searchword=CRC&searchType=search&paid_fl=n&search_uuid=dece992b-9cd1-4c88-b24a-7dda460fab37,의료법인루가의료재단 지안의원,지안검진센터 내시경 동의서 / IV 전담 간호사 모집,6,무관(신입포함),"대졸(2,3년제) 이상","계약직, 파트 근무",면접 후 결정,인천 연수구,자격증:간호사,X,2023.03.30 10:00,2023.04.29 23:59
https://www.saramin.co.kr/zf_user/jobs/view?view_type=search&rec_idx=45414509&location=ts&searchword=CRC&searchType=search&paid_fl=n&search_uuid=45994fcd-c761-4a24-994b-c397c74a1b69,(주)에스씨엘헬스케어,센트럴 Lab. PM 모집합니다.(서울의과학연구소 가족사),3,무관(신입포함),"대졸(2,3년제) 이상(예정자 가능)","계약직 1년, 정규직 전환 가능",면접 후 결정,경기 용인시 기흥구,X,X,2023.04.04 10:00,2023.04.16 23:59
https://www.saramin.co.kr/zf_user/jobs/view?view_type=search&rec_idx=45114656&location=ts&searchword=CRC&searchType=search&paid_fl=n&search_uuid=45994fcd-c761-4a24-994b-c397c74a1b69,의료법인 우리아이들의료재단 성북우리아이들병원,"[연봉 3,000만~] 간호조무사모집",35,무관(신입포함),학력무관,정규직 수습기간 3개월,"연봉 3,000 만원 (주 35시간) 근무",서울 성북구,X,근무조건:인근거주자|활동/경험:해당직무 근무경험,2023.02.22 08:00,채용시 마감
https://www.saramin.co.kr/zf_user/jobs/view?view_type=search&rec_idx=45416467&location=ts&searchword=CRC&searchType=search&paid_fl=n&search_uuid=45994fcd-c761-4a24-994b-c397c74a1b69,반석써치(주),(국내 제약/바이오 글로벌 대기업) Medical Communications,1,경력 1년 ↑,대졸(4년제) 이상,정규직,면접 후 결정,인천,X,X,2023.04.04 13:00,2023.05.04 23:59
https://www.saramin.co.kr/zf_user/jobs/view?view_type=search&rec_idx=45139420&location=ts&searchword=CRC&searchType=search&paid_fl=n&search_uuid=45994fcd-c761-4a24-994b-c397c74a1b69,양산빛나라피부과의원,[양산] 빛나라피부과의원 간호사 정규직 증원 모집합니다.,7,무관(신입포함),고교졸업 이상,정규직 수습기간 3개월,면접 후 결정,경남 양산시,자격증:간호사,근무조건:인근거주자|활동/경험:해당직무 근무경험,2023.02.25 08:00,2023.04.26 23:59
https://www.saramin.co.kr/zf_user/jobs/view?view_type=search&rec_idx=45301194&location=ts&searchword=CRC&searchType=search&paid_fl=n&search_uuid=45994fcd-c761-4a24-994b-c397c74a1b69,대구동성로예쁨주의쁨의원,[주4/업계최고대우] 쁨클리닉 대구동성로점 간호조무사 모집,18,무관(신입포함),학력무관,정규직 수습기간 2개월,면접 후 결정,대구 중구,자격증:간호조무사,자격증:간호사,2023.03.20 10:00,2023.04.19 23:59
https://www.saramin.co.kr/zf_user/jobs/view?view_type=search&rec_idx=45393359&location=ts&searchword=CRC&searchType=search&paid_fl=n&search_uuid=45994fcd-c761-4a24-994b-c397c74a1b69,닥터파인드,[긴급]유명제약사 임상 CRA,5,경력 2년 ↑,"대졸(2,3년제) 이상",정규직,면접 후 결정,경기 성남시 분당구,X,X,2023.03.31 16:00,2023.04.07 16:00
https://www.saramin.co.kr/zf_user/jobs/view?view_type=search&rec_idx=45405772&location=ts&searchword=CRC&searchType=search&paid_fl=n&search_uuid=45994fcd-c761-4a24-994b-c397c74a1b69,전북대학교병원 의생명연구원,전북대학교병원 임상시험센터 간호직 채용(이메일 접수),3,신입·경력 1년 ↑,"대졸(2,3년제) 이상","계약직, 인턴직 근무형","연봉 3,300 만원 (주 40시간) 근무",전북 전주시 덕진구,X,자격증:간호사|활동/경험:해당직무 근무경험,2023.04.03 13:00,채용시 마감
https://www.saramin.co.kr/zf_user/jobs/view?view_type=search&rec_idx=44987646&location=ts&searchword=CRC&searchType=search&paid_fl=n&search_uuid=45994fcd-c761-4a24-994b-c397c74a1b69,대구연세안과의원,대구연세안과에서간호사 선생님을 모십니다.,30,무관(신입포함),"대졸(2,3년제) 이상(예정자 가능)",정규직,면접 후 결정,대구 수성구,자격증:간호사,X,2023.02.06 09:00,2023.04.07 23:59
https://www.saramin.co.kr/zf_user/jobs/view?view_type=search&rec_idx=45039839&location=ts&searchword=CRC&searchType=search&paid_fl=n&search_uuid=45994fcd-c761-4a24-994b-c397c74a1b69,해운대나눔과행복병원,병동간호사(데이/이브교대 ) 구인,46,무관(신입포함),"대졸(2,3년제) 이상",정규직 수습기간 3개월,면접 후 결정,부산 해운대구,전공:공간호학,"보유역량:국가유공자, 보훈대상자, 장애인우대",2023.02.13 09:00,2023.04.14 23:59
https://www.saramin.co.kr/zf_user/jobs/view?view_type=search&rec_idx=45236413&location=ts&searchword=CRC&searchType=search&paid_fl=n&search_uuid=45994fcd-c761-4a24-994b-c397c74a1b69,케이바이오 솔루션,"임상시험 관리, 모니터링 CRA 채용합니다.",81,신입·경력 1~7년,"대졸(4년제) 이상 간호학과, 임상병리학과, 통계학과","정규직, 계약직 근무",면접 후 결정,서울 서초구,X,"전공:영어영문학, 간호학, 임상병리학|자격증:간호사|외국어능력:력영어가능자, 영어능통자|활동/경험:해당직무 인턴경력, 해외연수자, 사회봉사활동 경험, 해당직무 근무경험|자격/능력:통계분석능숙자, 컴퓨터활용능력 우수",2023.03.10 12:00,2023.04.09 23:59
https://www.saramin.co.kr/zf_user/jobs/view?view_type=search&rec_idx=45273629&location=ts&searchword=CRC&searchType=search&paid_fl=n&search_uuid=45994fcd-c761-4a24-994b-c397c74a1b69,(주)심플스틱,[심플스틱]피부 관리 직원을 모집합니다.,10,신입·경력(년수무관),대졸(4년제) 이상(예정자 가능),정규직 수습기간 3개월,면접 후 결정,"대구 수성구, 대구전체, 서울 중구",X,전공:간호학|외국어능력:력영어능통자|활동/경험:해당직무 근무경험,2023.03.15 15:00,2023.04.14 23:59
https://www.saramin.co.kr/zf_user/jobs/view?view_type=search&rec_idx=45394015&location=ts&searchword=CRC&searchType=search&paid_fl=n&search_uuid=45994fcd-c761-4a24-994b-c397c74a1b69,(주)엠아이텍,[엠아이텍] 해외영업 담당자 모집,12,무관(신입포함),대졸(4년제) 이상,정규직 수습기간 3개월,면접 후 결정,서울 강남구,"외국어능력:력영어가능자, 영어능통자",활동/경험:해당직무 근무경험,2023.03.31 17:00,2023.04.30 23:59
https://www.saramin.co.kr/zf_user/jobs/view?view_type=search&rec_idx=45418817&location=ts&searchword=CRC&searchType=search&paid_fl=n&search_uuid=45994fcd-c761-4a24-994b-c397c74a1b69,(주)씨엠에스랩,마케팅 팀장 [셀퓨전씨],5,경력 10년 ↑,대졸(4년제) 이상,정규직 수습기간 3개월,면접 후 결정,"서울 서초구,",X,X,2023.04.04 00:00,2023.05.03 23:59
https://www.saramin.co.kr/zf_user/jobs/view?view_type=search&rec_idx=45420088&location=ts&searchword=CRC&searchType=search&paid_fl=n&search_uuid=45994fcd-c761-4a24-994b-c397c74a1b69,(주)씨엠에스랩,종합병원영업 [셀퓨전씨엑스퍼트],1,경력 1~8년,"대졸(2,3년제) 이상",정규직 수습기간 3개월,면접 후 결정,"서울 서초구,",X,X,2023.04.04 00:00,2023.05.03 23:59
https://www.saramin.co.kr/zf_user/jobs/view?view_type=search&rec_idx=45247682&location=ts&searchword=CRC&searchType=search&paid_fl=n&search_uuid=45994fcd-c761-4a24-994b-c397c74a1b69,(주)더블유메딕스,의료기기 영업 임상 담당자 구인(팀원),4,경력(년수무관),"대졸(2,3년제) 이상",정규직 수습기간 3개월,면접 후 결정,"경기 구리시, 남양주시, 성남시, 양주시, 의정부시, 서울전체, 서울 강남구, 광진구, 노원구, 도봉구",X,X,2023.03.13 10:00,2023.04.12 23:59
https://www.saramin.co.kr/zf_user/jobs/view?view_type=search&rec_idx=45323276&location=ts&searchword=CRC&searchType=search&paid_fl=n&search_uuid=45994fcd-c761-4a24-994b-c397c74a1b69,(주)동행메디컬컨설팅,"자료입력 시간제 채용(간호사,손해사정사 우대)",8,무관(신입포함),고교졸업 이상,아르바이트,면접 후 결정,서울 동대문구,X,근무조건:인근거주자|활동/경험:해당직무 근무경험,2023.03.22 13:00,2023.04.21 23:59
https://www.saramin.co.kr/zf_user/jobs/view?view_type=search&rec_idx=45314935&location=ts&searchword=CRC&searchType=search&paid_fl=n&search_uuid=45994fcd-c761-4a24-994b-c397c74a1b69,해운대나눔과행복병원,해운대나눔과행복병원 안전팀 안전관리자 채용 공고,21,무관(신입포함),학력무관,"정규직, 계약직 근무형",면접 후 결정,부산 해운대구,"자격증:산업안전산업기사, 산업안전기사, 산업안전기사1급",X,2023.03.21 14:00,2023.04.20 23:59
https://www.saramin.co.kr/zf_user/jobs/view?view_type=search&rec_idx=45421280&location=ts&searchword=CRC&searchType=search&paid_fl=n&search_uuid=45994fcd-c761-4a24-994b-c397c74a1b69,커리어커넥트(주),[서울] 우량 코스닥 바이오기업 임상시험PM 경력직 모집,1,경력 4~13년,대졸(4년제) 이상,정규직,면접 후 결정,서울 강남구,X,"전공:의/약학, 생명/환경공학, 간호학|외국어능력:력영어가능자|자격/능력:컴퓨터활용능력 우수|활동/경험:해당직무 근무경험",2023.04.04 18:00,채용시 마감
https://www.saramin.co.kr/zf_user/jobs/view?view_type=search&rec_idx=45396327&location=ts&searchword=CRC&searchType=search&paid_fl=n&search_uuid=45994fcd-c761-4a24-994b-c397c74a1b69,에이치알포유(주),[임상 CRO 상장기업] 임상 Data Manager(CDA) (1년 이상),2,경력 1~10년,대졸(4년제) 이상,정규직 수습기간 3개월,면접 후 결정,서울 금천구,X,X,2023.04.01 11:00,2023.04.07 23:59
https://www.saramin.co.kr/zf_user/jobs/view?view_type=search&rec_idx=45330367&location=ts&searchword=CRC&searchType=search&paid_fl=n&search_uuid=45994fcd-c761-4a24-994b-c397c74a1b69,(주)스카우트,"임상 개발 팀장/ 팀원, 분당",2,경력 2~15년,대졸(4년제) 이상,정규직,면접 후 결정,서울,X,X,2023.03.23 10:00,2023.04.07 23:59
https://www.saramin.co.kr/zf_user/jobs/view?view_type=search&rec_idx=45407724&location=ts&searchword=CRC&searchType=search&paid_fl=n&search_uuid=45994fcd-c761-4a24-994b-c397c74a1b69,(주)아그네스메디컬,[아그네스메디컬] 의료기기 임상 담당자 모집,2,경력 3~10년,대졸(4년제) 이상,정규직 수습기간 3개월,면접 후 결정,경기 성남시 분당구,X,"전공:의/약학, 간호학|활동/경험:해당직무 인턴경력, 해당직무 근무경험|자격/능력:문서작성 우수자|기타:논문분석 가능자",2023.04.03 15:00,2023.05.03 23:59
https://www.saramin.co.kr/zf_user/jobs/view?view_type=search&rec_idx=45128050&location=ts&searchword=CRC&searchType=search&paid_fl=n&search_uuid=45994fcd-c761-4a24-994b-c397c74a1b69,알피니언메디칼시스템,[일진그룹] 초음파진단기 개발 임상 경력직 대리급,8,경력 5년 ↑,"대졸(2,3년제) 이상",정규직 수습기간 3개월,면접 후 결정,서울 강서구,X,"전공:간호학, 방사선과, 임상병리학|자격증:방사선사, ARDMS, ARDCS(adult echo)|활동/경험:해당직무 인턴경력, 해당직무 근무경험",2023.02.23 14:00,2023.04.24 23:59
https://www.saramin.co.kr/zf_user/jobs/view?view_type=search&rec_idx=45228635&location=ts&searchword=CRC&searchType=search&paid_fl=n&search_uuid=45994fcd-c761-4a24-994b-c397c74a1b69,(주)엔큐라젠,(주) 엔큐라젠 연구소 R&D 채용공고,7,경력 15~20년,석사졸업 이상,정규직 수습기간 3개월,면접 후 결정,"경기 안양시 동안구, 과천시, 수원시, 시흥시, 안양시",X,X,2023.03.09 14:00,채용시 마감
https://www.saramin.co.kr/zf_user/jobs/view?view_type=search&rec_idx=45228698&location=ts&searchword=CRC&searchType=search&paid_fl=n&search_uuid=45994fcd-c761-4a24-994b-c397c74a1b69,(주)엔큐라젠,(주) 엔큐라젠 연구소 R&D 채용공고 / 연구소확장 (Chemist),2,경력 2~3년,석사졸업 이상,정규직 수습기간 3개월,면접 후 결정,"경기 안양시 동안구, 과천시, 수원시, 시흥시, 안양시",X,X,2023.03.09 14:00,채용시 마감
https://www.saramin.co.kr/zf_user/jobs/view?view_type=search&rec_idx=45437272&location=ts&searchword=CRC&searchType=search&paid_fl=n&search_uuid=45994fcd-c761-4a24-994b-c397c74a1b69,(주)엔큐라젠,(주) 엔큐라젠 연구소 R&D 채용공고 (Cell biology),스크랩,신입·경력 2~3년,석사졸업 이상,정규직 수습기간 3개월,면접 후 결정,"경기 안양시 동안구, 과천시, 수원시, 시흥시, 안양시",X,X,2023.04.06 15:00,채용시 마감
https://www.saramin.co.kr/zf_user/jobs/view?view_type=search&rec_idx=45369060&location=ts&searchword=CRC&searchType=search&paid_fl=n&search_uuid=45994fcd-c761-4a24-994b-c397c74a1b69,(주)스카우트플랜,"학술/마케팅(의약, 약학 연구 개발 분야 : 약사 면허 자격자)",스크랩,경력 5~10년,대졸(4년제) 이상,정규직,면접 후 결정,경기 수원시 영통구,X,X,2023.03.29 01:00,2023.04.10 23:59
https://www.saramin.co.kr/zf_user/jobs/view?view_type=search&rec_idx=45191511&location=ts&searchword=CRC&searchType=search&paid_fl=n&search_uuid=45994fcd-c761-4a24-994b-c397c74a1b69,(주)심플플래닛,(주)심플플래닛 세포배양육 개발 경력 연구원 채용[팀장급],3,경력 7년 ↑,박사졸업,정규직 수습기간 3개월,면접 후 결정,서울 성동구,활동/경험:박사학위 수여자,활동/경험:해당직무 근무경험,2023.03.06 09:00,채용시 마감
https://www.saramin.co.kr/zf_user/jobs/view?view_type=search&rec_idx=45379045&location=ts&searchword=CRC&searchType=search&paid_fl=n&search_uuid=45994fcd-c761-4a24-994b-c397c74a1b69,에이피써치,[국내바이오메디칼전문기업] 임상 CPL / 경력 5년 이상,스크랩,경력 5년 ↑,대졸(4년제) 이상,정규직,면접 후 결정,서울,X,X,2023.03.30 09:00,채용시 마감
https://www.saramin.co.kr/zf_user/jobs/view?view_type=search&rec_idx=45426531&location=ts&searchword=CRC&searchType=search&paid_fl=n&search_uuid=45994fcd-c761-4a24-994b-c397c74a1b69,(주)에이티센스,기술연구소 분석팀 (심전도분석 임상병리사) - 신입 채용,2,신입,대졸(4년제) 이상,정규직 수습기간 3개월,면접 후 결정,"경기 성남시, 하남시, 서울 강남구",X,X,2023.04.07 00:00,2023.05.06 23:59
https://www.saramin.co.kr/zf_user/jobs/view?view_type=search&rec_idx=45426601&location=ts&searchword=CRC&searchType=search&paid_fl=n&search_uuid=45994fcd-c761-4a24-994b-c397c74a1b69,하트비트 분석센터의원,심전도분석 임상병리사 - 신입 (대규모채용),1,신입,"대졸(2,3년제) 이상",정규직 수습기간 3개월,면접 후 결정,"경기 성남시, 하남시, 서울",자격증:임상병리사,전공:임상병리학,2023.04.07 00:00,2023.05.06 23:59
https://www.saramin.co.kr/zf_user/jobs/view?view_type=search&rec_idx=45072253&location=ts&searchword=CRC&searchType=search&paid_fl=n&search_uuid=45994fcd-c761-4a24-994b-c397c74a1b69,주식회사 메디노,[메디노] 줄기세포치료제 임상팀 경력 직원 채용,15,경력 1년 ↑,대졸(4년제) 이상,정규직 수습기간 3개월,면접 후 결정,서울 금천구,X,"전공:자연계열, 생명과학, 간호학",2023.02.16 09:00,2023.04.17 23:59
https://www.saramin.co.kr/zf_user/jobs/view?view_type=search&rec_idx=45347332&location=ts&searchword=CRC&searchType=search&paid_fl=n&search_uuid=45994fcd-c761-4a24-994b-c397c74a1b69,(주)브이비젼,[대전/표적항암제 개발기업] 임상개발 PM 채용,스크랩,경력 5년 ↑,석사졸업 이상,정규직,면접 후 결정,대전 대덕구,X,"외국어능력:력영어가능자, 영어능통자|활동/경험:해당직무 근무경험",2023.03.26 10:00,채용시 마감
https://www.saramin.co.kr/zf_user/jobs/view?view_type=search&rec_idx=45423224&location=ts&searchword=CRC&searchType=search&paid_fl=n&search_uuid=45994fcd-c761-4a24-994b-c397c74a1b69,(주)브이비젼,[판교/바이오신약 기업]면역항암치료제 개발 석박사 연구원 채용,스크랩,경력 3년 ↑,석사졸업 이상,정규직,면접 후 결정,경기 성남시 수정구,X,활동/경험:해당직무 근무경험,2023.04.05 09:00,채용시 마감
https://www.saramin.co.kr/zf_user/jobs/view?view_type=search&rec_idx=45423244&location=ts&searchword=CRC&searchType=search&paid_fl=n&search_uuid=45994fcd-c761-4a24-994b-c397c74a1b69,(주)브이비젼,[판교/면역항암치료제기업] 임상개발 분야 경력직 채용,1,경력 2년 ↑,대졸(4년제) 이상,정규직,면접 후 결정,경기 성남시 수정구,X,활동/경험:해당직무 근무경험,2023.04.05 09:00,채용시 마감
https://www.saramin.co.kr/zf_user/jobs/view?view_type=search&rec_idx=45423270&location=ts&searchword=CRC&searchType=search&paid_fl=n&search_uuid=45994fcd-c761-4a24-994b-c397c74a1b69,(주)브이비젼,[판교/면역항암 치료제 기업] 전임상(약리/독성) 연구원 채용,1,경력 3년 ↑,대졸(4년제) 이상,정규직,면접 후 결정,경기 성남시 수정구,X,활동/경험:해당직무 근무경험,2023.04.05 09:00,채용시 마감
https://www.saramin.co.kr/zf_user/jobs/view?view_type=search&rec_idx=45423297&location=ts&searchword=CRC&searchType=search&paid_fl=n&search_uuid=45994fcd-c761-4a24-994b-c397c74a1b69,(주)브이비젼,[판교/면역항암 치료제 기업] CMC 분야 개발 연구원 채용,4,경력 3년 ↑,대졸(4년제) 이상,정규직,면접 후 결정,경기 성남시 수정구,X,활동/경험:해당직무 근무경험,2023.04.05 09:00,채용시 마감
https://www.saramin.co.kr/zf_user/jobs/view?view_type=search&rec_idx=45423186&location=ts&searchword=CRC&searchType=search&paid_fl=n&search_uuid=45994fcd-c761-4a24-994b-c397c74a1b69,(주)브이비젼,[판교/바이오신약 기업] 임상/허가 부서장급(임원/팀장) 채용,2,경력 10년 ↑,석사졸업 이상,정규직,면접 후 결정,경기 성남시 분당구,X,활동/경험:해당직무 근무경험,2023.04.05 09:00,채용시 마감
https://www.saramin.co.kr/zf_user/jobs/view?view_type=search&rec_idx=45347915&location=ts&searchword=CRC&searchType=search&paid_fl=n&search_uuid=45994fcd-c761-4a24-994b-c397c74a1b69,굿커리어,"의료기기 인허가팀장(CE,FDA,CC) 과장,차장급 구함(굿커리어)",1,경력 9년 ↑,대졸(4년제) 이상,정규직,면접 후 결정,서울 강남구,X,X,2023.03.26 18:00,2023.04.25 23:59
https://www.saramin.co.kr/zf_user/jobs/view?view_type=search&rec_idx=45430960&location=ts&searchword=CRC&searchType=search&paid_fl=n&search_uuid=45994fcd-c761-4a24-994b-c397c74a1b69,굿커리어,"중견기업 제약,바이오 연구기획본부장 부장,임원급 구함(굿커리",1,경력 10년 ↑,석사졸업 이상,정규직,면접 후 결정,서울 강남구,X,X,2023.04.05 19:00,2023.05.05 23:59
https://www.saramin.co.kr/zf_user/jobs/view?view_type=search&rec_idx=45400310&location=ts&searchword=CRC&searchType=search&paid_fl=n&search_uuid=45994fcd-c761-4a24-994b-c397c74a1b69,(주)젬백스&카엘,CRA PM 담당자 채용 모집,2,경력 3년 ↑,대졸(4년제) 이상,정규직 수습기간 3개월,면접 후 결정,경기 성남시 분당구,"전공:공의/약학, 생명과학, 간호학",외국어능력:력영어능통자|활동/경험:해당직무 근무경험,2023.04.03 09:00,2023.05.03 18:00
https://www.saramin.co.kr/zf_user/jobs/view?view_type=search&rec_idx=45149304&location=ts&searchword=CRC&searchType=search&paid_fl=n&search_uuid=055e36f8-69f1-4361-9f57-5cfa1278b7d0,(주)메디헬프라인,[메디헬프라인] BD Team 해외 및 국내영업 신입/경력사원 모집,9,신입·경력 1년 ↑,대졸(4년제) 이상,정규직 수습기간 3개월,면접 후 결정,서울 중구,활동/경험:해당직무 근무경험,"외국어능력:력영어능통자, 일본어 가능자, 중국어 가능자",2023.02.27 13:00,2023.04.14 23:59
https://www.saramin.co.kr/zf_user/jobs/view?view_type=search&rec_idx=45327322&location=ts&searchword=CRC&searchType=search&paid_fl=n&search_uuid=055e36f8-69f1-4361-9f57-5cfa1278b7d0,(주)에비드넷,Medical Writer (메디컬 라이터),4,경력 1~8년,학력무관,정규직 수습기간 3개월,면접 후 결정,경기 성남시 분당구,활동/경험:해당직무 근무경험,X,2023.03.22 17:00,채용시 마감
https://www.saramin.co.kr/zf_user/jobs/view?view_type=search&rec_idx=45336553&location=ts&searchword=CRC&searchType=search&paid_fl=n&search_uuid=055e36f8-69f1-4361-9f57-5cfa1278b7d0,(주)제이앤피메디,[JNPMEDI] Clinical Data Consultant (경력) 모집,3,경력 2년 ↑,대졸(4년제) 이상,정규직 수습기간 3개월,면접 후 결정,인천 연수구,X,X,2023.03.23 21:00,채용시 마감
https://www.saramin.co.kr/zf_user/jobs/view?view_type=search&rec_idx=45331528&location=ts&searchword=CRC&searchType=search&paid_fl=n&search_uuid=055e36f8-69f1-4361-9f57-5cfa1278b7d0,에스에프인촌(주),국내 유명 CRO CDA 경력 채용,스크랩,경력 1년 ↑,대졸(4년제) 이상,정규직,면접 후 결정,서울 강남구,X,X,2023.03.23 11:00,2023.04.07 23:59
https://www.saramin.co.kr/zf_user/jobs/view?view_type=search&rec_idx=45184071&location=ts&searchword=CRC&searchType=search&paid_fl=n&search_uuid=055e36f8-69f1-4361-9f57-5cfa1278b7d0,시앤에스 솔루션,통합환경허가 컨설팅 직원(신입/경력) 채용,6,무관(신입포함),대졸(4년제) 이상,정규직,면접 후 결정,전북 전주시 완산구,자격증:대기환경기사,전공:생명/환경공학|자격증:수질환경기사|활동/경험:해당직무 인턴경력,2023.03.03 16:00,2023.05.02 23:59
https://www.saramin.co.kr/zf_user/jobs/view?view_type=search&rec_idx=45391608&location=ts&searchword=CRC&searchType=search&paid_fl=n&search_uuid=055e36f8-69f1-4361-9f57-5cfa1278b7d0,HeNny & McCoy,Omnichannel Project Manager - 외국계 하이엔드 주얼리 브랜드,1,경력 3년 ↑,대졸(4년제) 이상,정규직,면접 후 결정,서울,X,외국어능력:력영어능통자|활동/경험:해당직무 근무경험,2023.03.31 14:00,채용시 마감
https://www.saramin.co.kr/zf_user/jobs/view?view_type=search&rec_idx=45427587&location=ts&searchword=CRC&searchType=search&paid_fl=n&search_uuid=055e36f8-69f1-4361-9f57-5cfa1278b7d0,나우팜컨설팅,코스닥상장사 임상 CRA 및 PM (서판교),2,경력(년수무관),대졸(4년제) 이상,정규직,면접 후 결정,서울 강남구,X,X,2023.04.05 14:00,2023.04.20 23:59
https://www.saramin.co.kr/zf_user/jobs/view?view_type=search&rec_idx=43903956&location=ts&searchword=CRC&searchType=search&paid_fl=n&search_uuid=055e36f8-69f1-4361-9f57-5cfa1278b7d0,네이처컴바인드(주),자사 공유 모빌리티 사업부문 Front-end 개발자 모집,2,경력 3~15년,대졸(4년제) 이상,정규직,면접 후 결정,"경기전체, 경기",X,X,2022.10.20 00:00,채용시 마감
https://www.saramin.co.kr/zf_user/jobs/view?view_type=search&rec_idx=45059134&location=ts&searchword=CRC&searchType=search&paid_fl=n&search_uuid=055e36f8-69f1-4361-9f57-5cfa1278b7d0,(주)퍼슨헬스케어,연구개발실 연구개발팀 경력직 채용,5,경력 2~6년,대졸(4년제) 이상,정규직 수습기간 3개월,면접 후 결정,서울 금천구,X,X,2023.02.14 16:00,채용시 마감
https://www.saramin.co.kr/zf_user/jobs/view?view_type=search&rec_idx=45034649&location=ts&searchword=CRC&searchType=search&paid_fl=n&search_uuid=055e36f8-69f1-4361-9f57-5cfa1278b7d0,라해의원,#논현역# 간호/수술실 #확실한대우# 250평확장,19,무관(신입포함),학력무관,"정규직, 계약직 근무",면접 후 결정,서울 강남구,X,X,2023.02.10 17:00,2023.04.11 23:59
https://www.saramin.co.kr/zf_user/jobs/view?view_type=search&rec_idx=45364849&location=ts&searchword=CRC&searchType=search&paid_fl=n&search_uuid=055e36f8-69f1-4361-9f57-5cfa1278b7d0,굿커리어,"제약기업 사업제휴팀장(라이센싱 in,out) 과장,차장급(굿커리어)",스크랩,경력 9~16년,대졸(4년제) 이상,정규직,면접 후 결정,서울 강남구,X,X,2023.03.28 14:00,2023.04.27 23:59
https://www.saramin.co.kr/zf_user/jobs/view?view_type=search&rec_idx=45376037&location=ts&searchword=CRC&searchType=search&paid_fl=n&search_uuid=055e36f8-69f1-4361-9f57-5cfa1278b7d0,(학)일송학원,한림대학교의료원 데이터전략실[계약직(기금직)] 채용,3,경력 3년 ↑,"대졸(2,3년제) 이상 3년 이상",계약직,면접 후 결정,경기 안양시 동안구,X,자격증:간호사,2023.03.29 16:00,채용시 마감
https://www.saramin.co.kr/zf_user/jobs/view?view_type=search&rec_idx=45422564&location=ts&searchword=CRC&searchType=search&paid_fl=n&search_uuid=055e36f8-69f1-4361-9f57-5cfa1278b7d0,SMI,[서울 강남] 의약품 영업팀장,1,경력 7~15년,대졸(4년제) 이상,정규직,면접 후 결정,서울 구로구,X,X,2023.04.05 08:00,2023.05.05 23:59
https://www.saramin.co.kr/zf_user/jobs/view?view_type=search&rec_idx=45426792&location=ts&searchword=CRC&searchType=search&paid_fl=n&search_uuid=055e36f8-69f1-4361-9f57-5cfa1278b7d0,나우팜컨설팅,상위 제약사 임상 PMS 분야 PM (3년 이상),스크랩,경력 3년 ↑,대졸(4년제) 이상,정규직,면접 후 결정,서울 강남구,X,X,2023.04.05 13:00,2023.04.20 23:59
https://www.saramin.co.kr/zf_user/jobs/view?view_type=search&rec_idx=45370362&location=ts&searchword=CRC&searchType=search&paid_fl=n&search_uuid=055e36f8-69f1-4361-9f57-5cfa1278b7d0,고.휴먼엔지니어링,Pharmacovigilance(외국계제약회사),4,경력 2~8년,대졸(4년제) 이상,정규직,"연봉 5,000 만원 (주 40시간) 근무",서울 서초구,X,X,2023.03.29 09:00,2023.04.13 23:59
https://www.saramin.co.kr/zf_user/jobs/view?view_type=search&rec_idx=45269509&location=ts&searchword=CRC&searchType=search&paid_fl=n&search_uuid=055e36f8-69f1-4361-9f57-5cfa1278b7d0,사단법인 대한항암요법연구회,[대한항암요법연구회] MWA 신입/경력 채용,12,신입·경력 1년 ↑,대졸(4년제) 이상(예정자 가능) 학사이상,정규직 수습기간 3개월,면접 후 결정,서울 성동구,X,X,2023.03.15 10:00,채용시 마감
https://www.saramin.co.kr/zf_user/jobs/view?view_type=search&rec_idx=45212533&location=ts&searchword=CRC&searchType=search&paid_fl=n&search_uuid=055e36f8-69f1-4361-9f57-5cfa1278b7d0,주)도프,"(주)도프 / CRA, 임상연구원(경력) 채용",7,경력 1~5년,학력무관,정규직,면접 후 결정,경기 화성시,X,"전공:의/약학, 간호학, 임상병리학|외국어능력:력영어가능자|자격/능력:컴퓨터활용능력 우수, 문서작성 우수자|활동/경험:해당직무 근무경험",2023.03.07 17:00,채용시 마감
https://www.saramin.co.kr/zf_user/jobs/view?view_type=search&rec_idx=45254843&location=ts&searchword=CRC&searchType=search&paid_fl=n&search_uuid=055e36f8-69f1-4361-9f57-5cfa1278b7d0,(주)케이씨피,[정규직] 산부인과/난임클리닉 제품 마케팅 경력사원 채용 공고,5,경력(년수무관),대졸(4년제) 이상,정규직 수습기간 3개월,면접 후 결정,서울 마포구,외국어능력:력영어가능자,"전공:생명과학, 간호학",2023.04.01 08:00,채용시 마감
https://www.saramin.co.kr/zf_user/jobs/view?view_type=search&rec_idx=45165114&location=ts&searchword=CRC&searchType=search&paid_fl=n&search_uuid=055e36f8-69f1-4361-9f57-5cfa1278b7d0,(주)사이넥스,(주)사이넥스 사업화본부 영업팀원 정규직 채용,1,신입·경력(년수무관),대졸(4년제) 이상,정규직 수습기간 3개월,면접 후 결정,서울 강남구 (재택근무 가능),"전공:공상경계열, 간호학",활동/경험:해당직무 근무경험,2023.03.02 07:00,2023.04.16 23:59
https://www.saramin.co.kr/zf_user/jobs/view?view_type=search&rec_idx=45144552&location=ts&searchword=CRC&searchType=search&paid_fl=n&search_uuid=055e36f8-69f1-4361-9f57-5cfa1278b7d0,(주)위보코리아,의료기기 영업마케팅 경력 직원 모집,3,경력 3년 ↑,"대졸(2,3년제) 이상",정규직 수습기간 3개월,면접 후 결정,경기 하남시,근무조건:운전가능자,"전공:간호학|자격증:간호사|자격/능력:컴퓨터활용능력 우수, 문서작성 우수자, 엑셀 고급능력자, PPT능력 우수자|근무조건:인근거주자, 차량소지자|활동/경험:해당직무 근무경험",2023.02.27 09:00,채용시 마감
https://www.saramin.co.kr/zf_user/jobs/view?view_type=search&rec_idx=45343181&location=ts&searchword=CRC&searchType=search&paid_fl=n&search_uuid=055e36f8-69f1-4361-9f57-5cfa1278b7d0,소프트엔바이오 부산지점(주),병원 유방외과 전문 영업 채용 [간호사 출신 우대],5,무관(신입포함),"대졸(2,3년제) 이상(예정자 가능)",정규직 수습기간 3개월,면접 후 결정,부산 금정구,X,자격증:2종보통운전면허,2023.03.24 16:00,2023.04.23 23:59
https://www.saramin.co.kr/zf_user/jobs/view?view_type=search&rec_idx=45437126&location=ts&searchword=CRC&searchType=search&paid_fl=n&search_uuid=055e36f8-69f1-4361-9f57-5cfa1278b7d0,소프트엔바이오 부산지점(주),[소프트엔바이오] 병원 유방외과 전문 영업직 채용,1,무관(신입포함),"대졸(2,3년제) 이상(예정자 가능)",정규직 수습기간 3개월,면접 후 결정,부산 금정구,X,자격증:2종보통운전면허,2023.04.06 14:00,2023.05.06 23:59
https://www.saramin.co.kr/zf_user/jobs/view?view_type=search&rec_idx=45372517&location=ts&searchword=CRC&searchType=search&paid_fl=n&search_uuid=055e36f8-69f1-4361-9f57-5cfa1278b7d0,주식회사 엠허브제노플랜,유전자검사 영업 및 영업지원 정규직 채용,1,경력 2년 ↑,대졸(4년제) 이상,정규직 수습기간 3개월,면접 후 결정,서울 서초구,X,"전공:생명과학, 생명/환경공학",2023.03.29 11:00,2023.05.28 23:59
https://www.saramin.co.kr/zf_user/jobs/view?view_type=search&rec_idx=45438572&location=ts&searchword=CRC&searchType=search&paid_fl=n&search_uuid=055e36f8-69f1-4361-9f57-5cfa1278b7d0,ALPHA CRC Korea,IT/마케팅 콘텐츠 영한 번역 - 정규직,3,경력 2~10년,대졸(4년제) 이상,정규직 수습기간 3개월,면접 후 결정,서울 서초구,활동/경험:해당직무 근무경험,"전공:영어영문학, 국어국문학",2023.04.06 16:00,2023.05.06 23:59
https://www.saramin.co.kr/zf_user/jobs/view?view_type=search&rec_idx=44994089&location=ts&searchword=CRC&searchType=search&paid_fl=n&search_uuid=055e36f8-69f1-4361-9f57-5cfa1278b7d0,(주)케이비손해보험,KB손해보험 SME법인영업부 CRC모집공고,1,무관(신입포함),학력무관,"위촉직, 프리랜서",면접 후 결정,서울 강남구,자격증:손해보험설계사,활동/경험:해당직무 근무경험,2023.02.06 15:00,2023.04.07 23:59
https://www.saramin.co.kr/zf_user/jobs/view?view_type=search&rec_idx=45213634&location=ts&searchword=CRC&searchType=search&paid_fl=n&search_uuid=055e36f8-69f1-4361-9f57-5cfa1278b7d0,한국응급처치교육원(주),"심폐소생술 강의 가능한 간호사, 응급구조사 모집",101,무관(신입포함),학력무관,"정규직, 계약직 근무형",면접 후 결정,서울 동작구,"전공:공간호학, 응급구조학과",근무조건:인근거주자|활동/경험:해당직무 근무경험,2023.03.07 22:00,채용시 마감
https://www.saramin.co.kr/zf_user/jobs/view?view_type=search&rec_idx=45227195&location=ts&searchword=CRC&searchType=search&paid_fl=n&search_uuid=055e36f8-69f1-4361-9f57-5cfa1278b7d0,셀트리온헬스케어,[MSL팀] Medical Science Liaison 담당자 채용,32,경력(년수무관),대졸(4년제) 이상,정규직 수습기간 3개월,면접 후 결정,인천 연수구,X,X,2023.03.09 12:00,2023.04.08 23:59
